Segmented Element,POS
第二十三,Neu
章,Na
 ,FW
半導體,Na
製造,VC
概論,Na
 ,FW
 ,FW
 ,FW
 ,FW
 ,FW
第二十三,Neu
章,Na
 ,FW
半導體,Na
製造,VC
概論,Na
 ,FW
 ,FW
 ,FW
 ,FW
 ,FW
 ,FW
近,Nes
幾,Neu
年,Nf
來,Ng
，,COMMACATEGORY
隨著,P
電子,Na
科技,Na
、,PAUSECATEGORY
網路,Na
等,Cab
相關,VH
技術,Na
的,DE
進步,Nv
，,COMMACATEGORY
以及,Caa
全球,Nc
電子,Na
市場,Nc
消費,Nv
水準,Na
的,DE
提昇,Nv
，,COMMACATEGORY
個人,Nh
電腦,Na
、,PAUSECATEGORY
多媒體,Na
、,PAUSECATEGORY
工作,Na
站,Nc
、,PAUSECATEGORY
網路,Na
、,PAUSECATEGORY
通信,Na
相關,VH
設備,Na
等,Cab
電子,Na
產品,Na
的,DE
需求,Na
量激增,VH
，,SHI
帶動,VC
整,Neqa
個,Nf
世界,Nc
半導體,Na
產業,Na
的,DE
蓬勃,VH
發展,Na
，,PERIODCATEGORY
而,Cbb
在,P
台灣,Nc
，,PERIODCATEGORY
半導體,Na
業更,Na
儼然,D
成為,VG
維繫,VJ
國家,Na
經濟,Na
動脈,Na
的,DE
一,Neu
個,Nf
主力,Na
。,PERIODCATEGORY
基本,Na
上半導體,Na
製造為,VG
一,Neu
垂直,Nv
分工,Nv
細密,VH
且,Caa
高,VH
附加,Nv
價值,Na
的,DE
產業,Na
，,COMMACATEGORY
其,Nep
快速,VH
的,DE
成長,Nv
也,D
會,D
帶動,VC
其他,Neqa
週邊,Nc
產業,Na
的,DE
繁榮,Nv
，,COMMACATEGORY
下,Ncd
圖,Na
所,D
示為,VG
一,Neu
典型,VH
的,DE
半導體,Na
產業,Na
體系,Na
架構,Na
。,PERIODCATEGORY
在,P
這,Nep
個,Nf
體系,Na
中,Ng
，,COMMACATEGORY
半導體,Na
製造,Nv
，,COMMACATEGORY
也,D
就是,Cbb
一般,D
所,D
稱,VG
的,DE
晶圓,Na
加工,VA
（,PARENTHESISCATEGORY
Wafer fabrication,FW
）,PARENTHESISCATEGORY
，,COMMACATEGORY
是,SHI
資金,Na
與,Caa
技術,Na
最為,Dfa
密集,VH
之,DE
處,Na
，,COMMACATEGORY
伴隨,VC
著,Di
晶圓,Na
加工,VA
的,DE
上游,Nc
產業,Na
則,D
包括,VJ
產品,Na
設計,Na
（,PARENTHESISCATEGORY
IC design,FW
）,PARENTHESISCATEGORY
、,PAUSECATEGORY
晶圓,Na
製造,Nv
（,PARENTHESISCATEGORY
Wafer manufacture,FW
）,PARENTHESISCATEGORY
、,PAUSECATEGORY
以及,Caa
光罩,Na
（,PARENTHESISCATEGORY
Photo mask,FW
）,PARENTHESISCATEGORY
製造,Nv
等,Cab
，,PERIODCATEGORY
下游,Nc
產業,Na
則,D
更為,VG
龐大,VH
，,COMMACATEGORY
其中,Nep
包括,VK
一般,A
所,D
稱,VG
半導體,Na
後段,Ncd
製程,Na
（,PARENTHESISCATEGORY
Back-end processes,FW
）,PARENTHESISCATEGORY
的,DE
 IC,FW
 ,FW
封裝,Na
（,PARENTHESISCATEGORY
Packaging,FW
）,PARENTHESISCATEGORY
、,PAUSECATEGORY
測試,Nv
（,PARENTHESISCATEGORY
Testing,FW
）,PARENTHESISCATEGORY
、,PAUSECATEGORY
包裝,Na
（,PARENTHESISCATEGORY
Assembly,FW
）,PARENTHESISCATEGORY
，,COMMACATEGORY
以及,Caa
週邊,Nc
的,DE
導線架,Na
製造,Nv
（,PARENTHESISCATEGORY
Lead-frame manufacture,FW
）,PARENTHESISCATEGORY
、,PAUSECATEGORY
連接器,Na
製造,Nv
（,PARENTHESISCATEGORY
Connector,FW
 ,Na
manufacture,FW
）,PARENTHESISCATEGORY
、,PAUSECATEGORY
電,Na
路板,Na
製造,Nv
（,PARENTHESISCATEGORY
Board,FW
 manufacture,FW
）,PARENTHESISCATEGORY
等,Cab
，,COMMACATEGORY
此,Nep
一,Neu
結合,VH
緊密,VH
的,DE
產業,Na
體系,Na
，,COMMACATEGORY
  ,Na
形成,VG
了,Nes
今日,Nd
台灣,LOC
經濟,Na
命脈,Na
之,DE
所繫,VH
。,PERIODCATEGORY
一,Neu
、,PAUSECATEGORY
IC,FW
設計,Na
（,PARENTHESISCATEGORY
IC design,FW
）,PARENTHESISCATEGORY
      二,PER
、,PAUSECATEGORY
晶圓,Na
製造,Nv
（,PARENTHESISCATEGORY
Wafer manufacture,FW
）,PARENTHESISCATEGORY
 ,FW
 ,FW
 ,FW
 ,FW
 ,FW
 ,FW
（,PARENTHESISCATEGORY
一,Neu
）,PARENTHESISCATEGORY
長晶,Na
（,PARENTHESISCATEGORY
CRYSTAL GROWTH,FW
）,PARENTHESISCATEGORY
 ,FW
  ,Na
 ,FW
 ,FW
 ,FW
長晶,Na
是,SHI
從,P
矽砂,Na
中,Ng
（,PARENTHESISCATEGORY
二氧化矽,Na
）,PARENTHESISCATEGORY
提煉成,VG
單晶矽,Na
，,PERIODCATEGORY
其,Nep
製造,VC
過程,Na
是,SHI
將,P
矽石,Na
（,PARENTHESISCATEGORY
S,FW
ilica,FW
）,PARENTHESISCATEGORY
或,Caa
矽酸,Na
鹽 ,Na
 ,Na
（,PARENTHESISCATEGORY
Silicate,FW
）,PARENTHESISCATEGORY
如同,P
冶金,Na
一樣,VH
，,SHI
放入,VC
爐,FW
中,Ng
熔解,VC
提煉,Na
，,COMMACATEGORY
形成,VG
冶金級,Na
矽,Na
。,PERIODCATEGORY
由於,Cbb
冶金級,Na
矽,Na
中,Ng
尚,D
含有,VJ
雜質,Na
，,COMMACATEGORY
因此,Cbb
，,COMMACATEGORY
必須,D
再,D
用,P
分,VC
餾,Na
及,Caa
還原,VH
的,DE
方法,Na
將,P
其,Nep
純化,VHC
，,COMMACATEGORY
形成,VG
電子級,Na
矽,Na
。,PERIODCATEGORY
雖然,Cbb
電子級,Na
矽,Na
所,D
含,VC
的,DE
矽,Na
的,DE
純度,Na
很,Dfa
高,VH
，,COMMACATEGORY
可,D
達,VJ
 ,FW
99.9999,Neu
 ,FW
99999,Neu
 ,FW
%,Nf
，,COMMACATEGORY
但是,Cbb
結晶,Na
方式,Na
還是,D
很,Dfa
雜亂,Na
，,COMMACATEGORY
又,D
稱為,VG
多,VH
晶矽,Na
，,COMMACATEGORY
必須,D
重,D
排成,VG
單晶,Na
結構,Na
才,Da
可,D
，,COMMACATEGORY
因此,Cbb
再,D
將,P
電子,Na
級矽,Na
置入,VC
坩,FW
堝,FW
內,Ncd
加,VC
溫融,Na
化,VH
，,COMMACATEGORY
其,Nep
係,VG
先,D
將,P
溫度,Na
降,VC
低,VH
至,P
一,Neu
設定,VC
點,Na
，,SHI
再,D
以,P
一,Neu
塊,Nf
單晶矽,Na
為,VG
『,PARENTHESISCATEGORY
晶種,Na
』,PARENTHESISCATEGORY
，,SHI
置入,VC
坩堝,Na
內,Ng
，,SHI
讓,VL
融化,VC
的,DE
矽,Na
沾附,VC
在,P
晶種,Na
上,Ng
，,SHI
再,D
將,P
晶種,Na
以,P
邊,Ncd
拉,VC
邊,Ncd
旋轉,VC
方式,Na
抽,VC
離,VC
坩堝,Na
，,COMMACATEGORY
而,Cbb
沾附,VC
在,P
晶種,Na
上,Ncd
的,DE
矽,Na
亦,D
隨之,D
冷凝,Na
，,SHI
形成,VG
與,Caa
晶種,Na
相同,VH
排列,Na
的,DE
結晶,Na
。,PERIODCATEGORY
隨著,P
晶種,Na
的,DE
旋轉,Nv
上升,VA
，,COMMACATEGORY
沾附,VC
的,DE
矽,Na
愈,D
多,VH
，,COMMACATEGORY
並且,Cbb
被,P
拉引成,VG
表面,Na
粗糙,VH
的,DE
圓柱,Na
狀,VC
結晶棒,Na
。,PERIODCATEGORY
其中,Nep
，,COMMACATEGORY
拉引,VC
及,Caa
旋轉,VH
的,DE
速度,Na
愈,D
慢,VH
，,COMMACATEGORY
則,D
沾附,VC
的,DE
矽,Na
結晶,Na
時間,Na
愈,D
久,VH
，,COMMACATEGORY
結晶棒,Na
的,DE
直徑,Na
愈,D
大,VH
，,COMMACATEGORY
反之,Cbb
則,D
愈,D
小,VH
。,PERIODCATEGORY
      ,PER
右圖,Na
（,PARENTHESISCATEGORY
摘自,VC
中德,ORG
公司,Nc
目錄,Na
）,PARENTHESISCATEGORY
為,P
中德,ORG
電子,Na
材料,Na
公司,Nc
製作,VC
的,DE
晶棒,Na
（,PARENTHESISCATEGORY
長度,Na
達,VJ
一,Neu
公尺,Nf
，,SHI
重量,Na
超過,VJ
一百,Neu
公斤,Nf
）,PARENTHESISCATEGORY
。,PERIODCATEGORY
（,PARENTHESISCATEGORY
二,Neu
）,PARENTHESISCATEGORY
切片,Na
（,PARENTHESISCATEGORY
SLICING,ORG
）,PARENTHESISCATEGORY
 ,FW
 ,FW
   ,PER
 ,FW
從,P
坩,FW
堝,FW
中,Ng
拉出,VC
的,DE
晶柱,Na
，,COMMACATEGORY
表面,Na
並,D
不,D
平整,VH
，,COMMACATEGORY
必須,D
經過,VCL
工業級,Na
鑽石,Na
磨具,Na
的,DE
加工,VA
，,COMMACATEGORY
磨成,VG
平滑,VH
的,DE
圓柱,Na
，,COMMACATEGORY
並,Cbb
切除,VC
頭尾,Na
兩端錐狀段,Na
，,COMMACATEGORY
形成,VG
標準,Na
的,DE
圓柱,Na
，,COMMACATEGORY
被,P
切除,VC
或,Caa
磨削,VC
的,DE
部份,Neqa
則,D
回收,VC
重新,D
冶煉,Na
。,PERIODCATEGORY
接著,D
再,D
以,P
高,VH
硬度,Na
鋸片,Na
或,Caa
線鋸,Na
將,P
圓柱,Na
切成,VC
片狀,Na
的,DE
晶圓,Na
（,PARENTHESISCATEGORY
Wafer,FW
）,PARENTHESISCATEGORY
 ,FW
（,PARENTHESISCATEGORY
摘自,VC
中德公司,ORG
目錄,Na
）,PARENTHESISCATEGORY
。,PERIODCATEGORY
（,PARENTHESISCATEGORY
三,Neu
）,PARENTHESISCATEGORY
邊緣,Nc
研磨,Nv
（,PARENTHESISCATEGORY
EDGE,ORG
－,FW
GRINDING,ORG
）,PARENTHESISCATEGORY
 ,FW
 ,FW
 ,FW
 ,FW
 ,FW
 ,FW
將,P
片狀,Na
晶圓,Na
的,DE
圓周,Nc
邊緣,Nc
以,P
磨具,Na
研磨成,VG
光滑,Na
的,DE
圓弧形,Na
，,COMMACATEGORY
如此,Dfa
可,D
（,PARENTHESISCATEGORY
1,Neu
）,PARENTHESISCATEGORY
防止,VE
邊緣,Nc
崩裂,Na
、,PAUSECATEGORY
（,PARENTHESISCATEGORY
2,Neu
）,PARENTHESISCATEGORY
防止,VC
在,P
後續,A
的,DE
製程,Na
中,Ng
產生,VHC
熱,VH
應力,Na
集中,VC
、,PAUSECATEGORY
（,PARENTHESISCATEGORY
3,Neu
）,PARENTHESISCATEGORY
增加,VHC
未來,Na
製程,Na
中,Ng
鋪設,VC
光阻層,Na
或,Caa
磊晶層,Na
的,DE
平坦度,Na
。,PERIODCATEGORY
（,PARENTHESISCATEGORY
四,Neu
）,PARENTHESISCATEGORY
研磨,Nv
（,PARENTHESISCATEGORY
LAPPING,FW
）,PARENTHESISCATEGORY
與,Caa
蝕刻,
（,PARENTHESISCATEGORY
ETCHING,ORG
）,PARENTHESISCATEGORY
      ,PER
由於,Cbb
受,VJ
過,Di
機械,Na
的,DE
切削,Na
，,COMMACATEGORY
晶圚,Na
表面,Na
粗糙,VH
，,COMMACATEGORY
凹凸,VH
不平,VH
，,COMMACATEGORY
及,Caa
沾附,VC
切屑,Na
或,Caa
污漬,Na
，,COMMACATEGORY
因此,Cbb
，,COMMACATEGORY
先,D
以,P
化學,Na
溶液,Na
（,PARENTHESISCATEGORY
HF,FW
/,FW
HNO3,
）,PARENTHESISCATEGORY
蝕刻,
（,PARENTHESISCATEGORY
Etching,FW
）,PARENTHESISCATEGORY
，,COMMACATEGORY
去除,VC
部份,Neqa
切削,VC
痕跡,Na
，,COMMACATEGORY
再,D
經,P
去,VCL
離子,Na
純水,Na
沖洗,VC
吹乾,Na
後,Ng
，,COMMACATEGORY
進行,VA
表面,Na
研磨,VC
拋光,VA
，,COMMACATEGORY
使,VL
晶圓,Na
像,VG
鏡,Na
面樣,Na
平滑,VH
，,COMMACATEGORY
以,P
利,VC
後續,A
製程,Na
。,PERIODCATEGORY
研磨,VC
拋光,VA
是,SHI
以,P
機械,Na
與,Caa
化學,Na
加工,Nv
方式,Na
同時,Nd
進行,VA
，,COMMACATEGORY
機械,Na
加工,VA
是,SHI
將,P
晶圓,Na
放置,VC
在,P
研磨機,Na
內,Ng
，,COMMACATEGORY
將,D
加,VC
工面,Na
壓貼,VC
在,P
研磨墊,Na
（,PARENTHESISCATEGORY
Polishing Pad,FW
）,PARENTHESISCATEGORY
磨擦,Na
，,COMMACATEGORY
同時,Nd
滴入,VC
具,VJ
腐蝕性,Na
的,DE
化學,Na
溶劑,Na
當,VG
研磨液,Na
，,COMMACATEGORY
讓,VL
磨削,VC
與,Caa
腐蝕,Na
同時,Nd
產生,VHC
。,PERIODCATEGORY
研磨,VC
後,Ng
的,DE
晶圓,Na
需用,VC
化學,Na
溶劑,Na
清除,VC
表面,Na
殘留,VC
的,DE
金屬,Na
碎屑,Na
或,Caa
有機,A
雜質,Na
，,SHI
再,D
以,P
去,VCL
離子,Na
純水,Na
沖洗,VC
吹乾,Na
，,SHI
準備,VF
進入,VCL
植入,VC
電路,Na
製程,Na
。,PERIODCATEGORY
（,PARENTHESISCATEGORY
五,Neu
）,PARENTHESISCATEGORY
退火,VA
（,PARENTHESISCATEGORY
ANNEALING,ORG
）,PARENTHESISCATEGORY
     ,PER
 ,FW
將,P
晶片,Na
在,P
嚴格,VH
控制,VC
的,DE
條件,Na
下,Ng
退火,VA
，,COMMACATEGORY
以,Cbb
使,VL
晶片,Na
的,DE
阻質,Na
穩定,VHC
。,PERIODCATEGORY
 ,FW
    ,PER
 ,FW
（,PARENTHESISCATEGORY
六,FW
）,PARENTHESISCATEGORY
拋光,VA
（,PARENTHESISCATEGORY
POLISHING,FW
）,PARENTHESISCATEGORY
 ,FW
 ,FW
 ,FW
 ,FW
  ,Na
晶片,Na
小心翼翼,Na
地,DE
拋光,VA
，,COMMACATEGORY
使,VL
晶片,Na
表面,Na
光滑,VH
與,Caa
平坦,Na
，,COMMACATEGORY
以,P
利,Na
將來,Na
再,D
加工,VA
。,PERIODCATEGORY
（,PARENTHESISCATEGORY
七,Neu
）,PARENTHESISCATEGORY
洗淨,VC
（,PARENTHESISCATEGORY
CLEANING,ORG
）,PARENTHESISCATEGORY
      ,PER
以,P
多,VH
步驟,Na
的,DE
高度,Na
無,VJ
污染,VC
洗淨,Nv
程序,Na
，,COMMACATEGORY
包括,VK
各,Nes
種,Nf
高度,Na
潔淨,VH
的,DE
清洗,Nv
液,Na
與,Caa
超音動,Na
處理,Na
，,COMMACATEGORY
除,P
去,VCL
晶片,Na
表面,Na
的,DE
所有,Neqa
污染,Nv
物質,Na
，,COMMACATEGORY
使,VL
晶片,Na
達到,VC
可,D
進行,VC
晶片,Na
加工,VA
的,DE
狀態,Na
。,PERIODCATEGORY
      ,PER
（,PARENTHESISCATEGORY
八,Neu
）,PARENTHESISCATEGORY
檢驗,Nv
（,PARENTHESISCATEGORY
INSPECTION,ORG
）,PARENTHESISCATEGORY
      ,ORG
晶片,Na
在,P
無塵,Na
環境,Na
中,Ng
進行,VA
嚴格,VH
的,DE
檢查,Nv
，,SHI
包括,VK
表面,Na
的,DE
潔淨,VH
度,Na
、,PAUSECATEGORY
平坦度,Na
以及,Caa
各,Nes
項,Nf
規格,Na
以,P
確保,VE
品質,Na
符合,VJ
顧客,Na
的,DE
要求,Na
。,PERIODCATEGORY
（,PARENTHESISCATEGORY
九,Neu
）,PARENTHESISCATEGORY
包裝,Na
（,PARENTHESISCATEGORY
PACKING,ORG
）,PARENTHESISCATEGORY
         ,PER
通過,VC
檢驗,VC
的,DE
晶片,Na
以,P
特殊,VH
設計,Na
的,DE
容器,Na
包裝,Na
，,COMMACATEGORY
使,VL
晶片,Na
維持,VJ
無塵,VH
及,Caa
潔淨,VH
的,DE
狀態,Na
，,COMMACATEGORY
該,Nes
容器,Na
並,D
確保,VE
晶片,Na
固定,VHC
於,P
其中,Nep
，,COMMACATEGORY
以,P
預防,VC
搬運,VC
過程,Na
中,Ng
發生,VJ
的,DE
振動使,Na
晶片,Na
受損,VH
。,PERIODCATEGORY
三,Neu
、,PAUSECATEGORY
晶圓,Na
處理,Na
製程,Na
        ,PER
基本,A
晶圓,Na
處理,Na
步驟,Na
通常,D
是,SHI
晶圓,Na
先,D
經過,VCL
適當,VH
的,DE
清洗,Nv
（,PARENTHESISCATEGORY
Cleaning,FW
）,PARENTHESISCATEGORY
之後,Ng
，,COMMACATEGORY
送到,VC
熱,VH
爐管,Na
（,PARENTHESISCATEGORY
Furnace,FW
）,PARENTHESISCATEGORY
內,Ng
，,COMMACATEGORY
在,P
含氧,VH
的,DE
環境,Na
中,Ng
，,COMMACATEGORY
以,P
加,VC
熱,VH
氧化,Na
（,PARENTHESISCATEGORY
Oxidation,FW
）,PARENTHESISCATEGORY
的,DE
方式,Na
在,P
晶圓,Na
的,DE
表面,Na
形成,VG
一,Neu
層,Nf
厚,VH
約數,Na
百,Neu
個,Nf
 ,Na
的,DE
二氧化,Na
矽,Na
（,PARENTHESISCATEGORY
SiO,FW
2,Neu
 ,Na
 ,Na
）,PARENTHESISCATEGORY
層,Na
，,PERIODCATEGORY
緊接著,D
厚,VH
約,Da
 ,FW
1000,Neu
 ,FW
到,VCL
 ,FW
2000,Neu
 ,FW
的,DE
氮化矽,Na
（,PARENTHESISCATEGORY
Si3N,FW
4,Neu
）,PARENTHESISCATEGORY
層,Nf
將,D
以,P
化學,Na
氣相,Na
沈積,Na
（,PARENTHESISCATEGORY
Chemical Vapor Deposition,FW
；,PERIODCATEGORY
CVP,FW
）,PARENTHESISCATEGORY
的,DE
方式,Na
沈積,Na
（,PARENTHESISCATEGORY
Deposition,FW
）,PARENTHESISCATEGORY
在,P
剛剛,D
長成,VH
的,DE
二氧化矽,Na
上,Ng
，,SHI
然後,D
整,Neqa
個,Nf
晶圓,Na
將,D
進行,VA
微影,Na
（,PARENTHESISCATEGORY
Lithography,FW
）,PARENTHESISCATEGORY
的,DE
製程,Na
，,SHI
先,D
在,P
晶圓,Na
上,Ncd
上,Ncd
一,Neu
層,Nf
光阻,Na
（,PARENTHESISCATEGORY
Photo resist,FW
）,PARENTHESISCATEGORY
，,COMMACATEGORY
再,D
將,P
光罩,Na
上,Ncd
的,DE
圖案,Na
移轉到,VCL
光阻,Na
上面,Ncd
。,PERIODCATEGORY
接著,D
利用,VC
蝕刻,
（,PARENTHESISCATEGORY
Etching,FW
）,PARENTHESISCATEGORY
技術,Na
，,COMMACATEGORY
將,P
部份,Neqa
未,D
被,P
光阻,Na
保護,VC
的,DE
氮化,A
矽層,Na
加以,D
除去,VH
，,COMMACATEGORY
留下,VC
的,DE
就是,Cbb
所,D
需要,VK
的,DE
線路圖,Na
部份,Neqa
。,PERIODCATEGORY
接著,D
以,P
磷,Na
為,VG
離子源,Na
（,PARENTHESISCATEGORY
Ion Source,FW
）,PARENTHESISCATEGORY
，,COMMACATEGORY
對,P
整,Neqa
片,Nf
晶圓,Na
進行,VC
磷原子,Na
的,DE
植入,VC
（,PARENTHESISCATEGORY
Ion Implantation,FW
）,PARENTHESISCATEGORY
，,SHI
然後,D
再,D
把,P
光阻劑,Na
去除,VC
（,PARENTHESISCATEGORY
Photo resist Scrip,FW
）,PARENTHESISCATEGORY
。,PERIODCATEGORY
製程,VA
進行,VA
至,P
此,Nep
，,COMMACATEGORY
我們,Nh
已,D
將,D
構成,VG
積體,Na
電路,Na
所,D
需,VK
的,DE
電晶體,Na
及,Caa
部份,Neqa
的,DE
字元線,Na
（,PARENTHESISCATEGORY
Word Lines,FW
）,PARENTHESISCATEGORY
，,COMMACATEGORY
依,P
光罩,Na
所,D
提供,VD
的,DE
設計,Na
圖案,Na
，,COMMACATEGORY
依次,D
的,DE
在,P
晶圓,Na
上,Ncd
建立,VC
完成,VC
，,COMMACATEGORY
接著,D
進行,VC
金屬,Na
化,VG
製程,Na
（,PARENTHESISCATEGORY
Metallization,FW
）,PARENTHESISCATEGORY
，,COMMACATEGORY
製作,VC
金屬,Na
導線,Na
，,SHI
以,P
便,Na
將,D
各,Nes
個,Nf
電晶體,Na
與,Caa
元件,Na
加以,D
連接,VH
，,SHI
而,Cbb
在,P
每,Nes
一,Neu
道,Nf
步驟,Na
加工,VA
完,VH
後,Ng
都,VC
必須,D
進行,VA
一些,Neqa
電性,Na
、,PAUSECATEGORY
或是,Caa
物理,Na
特性,Na
量測,Na
，,COMMACATEGORY
以,P
檢驗,VC
加工,Nv
結果,Na
是否,D
在,P
規格,Na
內,Ncd
（,PARENTHESISCATEGORY
Inspection and Measurement,FW
）,PARENTHESISCATEGORY
；,PERIODCATEGORY
如此,Dfa
重複,VC
步驟,Na
製作,VC
第一,Neu
層,Nf
、,PAUSECATEGORY
第二,Neu
層,Nf
．,PERIODCATEGORY
．,PERIODCATEGORY
．,FW
的,DE
電路,Na
部份,Neqa
，,COMMACATEGORY
以,P
在,P
矽,Na
晶圓,Na
上,Ncd
製造,VC
電晶體,Na
等,Cab
其他,Neqa
電子,Na
元件,Na
；,PERIODCATEGORY
最後,Nd
所,D
加工,VA
完成,VC
的,DE
產品,Na
會,D
被,P
送到,VCL
電性,Na
測試區,Nc
作電性,Na
量測,Na
。,PERIODCATEGORY
根據,P
上述,Na
製程,Na
的,DE
需要,Na
，,COMMACATEGORY
FAB,FW
廠,Nc
內,Ncd
通常,D
可,D
分為,VG
四,Neu
大區,Na
：,COLONCATEGORY
       ,PER
（,PARENTHESISCATEGORY
一,Neu
）,PARENTHESISCATEGORY
黃光       ,PER
本,Nes
區,Nc
的,DE
作用,Na
在於,VL
利用,VC
照相,Na
顯微,VH
縮小,VH
的,DE
技術,Na
，,COMMACATEGORY
定義出,VC
每,Nes
一,Neu
層次,Na
所,D
需要,VK
的,DE
電路圖,Na
，,COMMACATEGORY
因為,Cbb
採用,VC
感光,Na
劑易,Na
曝光,VH
，,COMMACATEGORY
得,D
在,P
黃色,Na
燈光,Na
照明,VH
區域,Na
內,Ncd
工作,Na
，,SHI
所以,D
叫做,VG
「,PARENTHESISCATEGORY
黃光區,Nc
」,PARENTHESISCATEGORY
。,PERIODCATEGORY
（,PARENTHESISCATEGORY
二,Neu
）,PARENTHESISCATEGORY
蝕刻,
經過,VCL
黃光,PER
定義,VA
出,VC
我們,Nh
所,D
需要,VK
的,DE
電路圖,Na
，,COMMACATEGORY
把,P
不要,VH
的,DE
部份,Neqa
去,D
除掉,VH
，,COMMACATEGORY
此,Nep
去,D
除,VC
的,DE
步驟,Na
就,D
稱,VG
之,Nh
為,VG
「,PARENTHESISCATEGORY
蝕刻,
」,PARENTHESISCATEGORY
，,COMMACATEGORY
因為,Cbb
它,Nh
好像,D
雕刻,Na
，,COMMACATEGORY
一,Neu
刀,Nf
一,Neu
刀,Nf
的,DE
削去,VC
不,VJ
必要,Na
不,VJ
必要,VH
的,DE
木屑,Na
，,COMMACATEGORY
完成,VC
作品,Na
，,COMMACATEGORY
期間,Na
又,D
利用,VC
酸液,Na
來,D
腐蝕,VC
的,T
，,COMMACATEGORY
所以,Cbb
叫做,VG
「,PARENTHESISCATEGORY
蝕刻,
區,Nc
」,PARENTHESISCATEGORY
。,PERIODCATEGORY
（,PARENTHESISCATEGORY
三,Neu
）,PARENTHESISCATEGORY
擴散,VC
       ,PER
本,Nes
區,Nc
的,DE
製造,Nv
過程,Na
都,Na
在,P
高溫,Na
中,Ng
進行,VA
，,COMMACATEGORY
又,D
稱為,VG
「,PARENTHESISCATEGORY
高溫區,Nc
」,PARENTHESISCATEGORY
，,COMMACATEGORY
利用,VC
高溫,Na
給予,VD
物質,Na
能量,Na
而,Cbb
產生,VHC
運動,Na
，,COMMACATEGORY
因為,Cbb
本,Nes
區,Nc
的,DE
機台,Na
大都,Na
為,VG
一,Neu
根,Nf
根,Nf
的,DE
爐管,Na
，,COMMACATEGORY
所以,Cbb
也,D
有,V_2
人,Na
稱為,VG
「,PARENTHESISCATEGORY
爐管區,Na
」,PARENTHESISCATEGORY
，,COMMACATEGORY
每,Nes
一,Neu
根,Nf
爐管,Na
都,Na
有,V_2
不同,VH
的,DE
作用,Na
  ,Na
。,PERIODCATEGORY
（,PARENTHESISCATEGORY
四,Neu
）,PARENTHESISCATEGORY
真空,Na
       ,PER
本,Nes
區,Nc
機器,Na
操作,Nv
時,Ng
，,COMMACATEGORY
機器,Na
中,Ng
都,Na
需要,VK
抽成,VG
真空,Na
，,COMMACATEGORY
所以,Cbb
稱,VG
之,DE
為,VG
真,VH
空區,Nc
，,COMMACATEGORY
真空區,Nc
的,DE
機器,Na
多,D
用,VC
來,VC
作,VC
沈積,Na
暨,Caa
離子,Na
植入,VC
，,COMMACATEGORY
也,D
就是,Cbb
在,P
 Wafer,FW
 ,FW
上,Ncd
覆蓋,VC
一,Neu
層,Nf
薄薄,VH
的,DE
薄膜,Na
，,COMMACATEGORY
所以,Cbb
又,D
稱,VG
之,DE
為,VG
「,PARENTHESISCATEGORY
薄,VH
膜區,Na
」,PARENTHESISCATEGORY
。,PERIODCATEGORY
在,P
真,VH
空區,Nc
中,Ng
有,V_2
一,Neu
站,Nf
稱為,VG
晶圓,Na
允收區,Na
，,COMMACATEGORY
可,D
接受,VC
晶片,Na
的,DE
測試,Na
，,COMMACATEGORY
針對,P
我們,Nh
所,D
製造,VC
的,DE
晶片,Na
，,COMMACATEGORY
其,Nep
過程,Na
是否,D
有,V_2
缺陷,Na
，,COMMACATEGORY
電性,Na
的,DE
流通,Na
上,Ng
是否,D
有,V_2
問題,Na
，,COMMACATEGORY
由,P
工程師,Na
根據,P
其,Nep
經驗,Na
與,Caa
電子學,Na
上,Ncd
知識,Na
做,VC
一,Neu
全程,VH
的,DE
檢測,Nv
，,COMMACATEGORY
由,P
某,Nes
一,Neu
電性,Na
量,Na
測值,Na
的,DE
變異,Na
判斷,VC
某,Nes
一,Neu
道,Nf
相關,VH
製程,Na
是,SHI
否,D
發生,VJ
任何,Neqa
異常,VH
。,PERIODCATEGORY
 ,FW
 ,FW
    ,PER
此,Nep
檢測,VC
不同於,VJ
測試,Na
區,Nc
（,PARENTHESISCATEGORY
Wafer Probe,FW
）,PARENTHESISCATEGORY
的,DE
檢測,Nv
，,PERIODCATEGORY
前者,Nh
是,SHI
細部,A
的,DE
電子,Na
特性,Na
測試,Na
與,Caa
物理,Na
特性,Na
測試,Na
，,PERIODCATEGORY
後者,Nh
所,D
做,VC
的,DE
測試,Na
是,SHI
針對,P
產品,Na
的,DE
電性,Na
功能,Na
作,VC
檢測,VC
。,PERIODCATEGORY
WAT,FW
測試,Na
（,PARENTHESISCATEGORY
wafer accept test,FW
）,PARENTHESISCATEGORY
，,COMMACATEGORY
亦,D
即,D
根據,P
電氣,Na
測試值,Na
來,VC
分析,VC
製程,Na
是否,D
有,V_2
問題,Na
。,PERIODCATEGORY
 ,FW
 ,FW
 ,FW
 ,FW
    ,PER
 ,FW
四,Neu
、,PAUSECATEGORY
晶圓,Na
針,Na
測,VC
 ,FW
     ,ORG
晶圓,Na
針測,Na
（,PARENTHESISCATEGORY
Chip Probing,FW
；,PERIODCATEGORY
CP,FW
）,PARENTHESISCATEGORY
的,DE
目的,Na
係,VG
針,Na
對,P
晶片,Na
作電性,Na
功能,Na
上,Ncd
的,DE
測試,Na
（,PARENTHESISCATEGORY
Test,FW
）,PARENTHESISCATEGORY
，,SHI
以,Cbb
使,VL
 ,Nb
IC,FW
 ,FW
在,P
進入,VCL
封裝,Na
前,Ng
，,SHI
先,D
行,VC
過,Di
濾出電性,Na
功能,Na
不良,VH
的,DE
晶片,Na
，,SHI
以,P
避免,VE
不,VJ
良品,Na
增加,VC
製造,VC
成本,Na
。,PERIODCATEGORY
半導體,Na
製程,Na
中,Ng
，,COMMACATEGORY
針測,VC
製程,Na
只要,Cbb
換上,VC
不同,VH
的,DE
測試,Na
配件,Na
，,COMMACATEGORY
便,Na
可,D
與,P
測試,Na
製程,Na
共用,VH
相同,VH
的,DE
測試,Na
機台,Na
（,PARENTHESISCATEGORY
Tester,FW
）,PARENTHESISCATEGORY
。,PERIODCATEGORY
一般,A
測試廠,Nc
為,VG
了,Na
提高,VC
測試,Na
機台,Na
的,DE
使用,Nv
率,Na
，,COMMACATEGORY
除,P
了,Na
提供,VD
最終,A
測試,Na
的,DE
服務,Nv
外,Ng
，,COMMACATEGORY
亦,D
接受,VC
晶片,Na
測試,Na
的,DE
訂單,Na
。,PERIODCATEGORY
下圖,Na
為,VG
晶圓,Na
針,Na
測,VC
的,DE
流程圖,Na
，,COMMACATEGORY
其,Nep
流程,Na
包括,VK
下面,Ncd
幾,Neu
道,Nf
作業,Na
：,COLONCATEGORY
           ,PER
（,PARENTHESISCATEGORY
一,Neu
）,PARENTHESISCATEGORY
晶圓,Na
針,Na
測,VC
並,D
作,VC
產品,Na
分類,Na
（,PARENTHESISCATEGORY
Sorting,FW
）,PARENTHESISCATEGORY
 ,FW
      ,PER
晶圓,Na
針,Na
測,VC
的,DE
主要,A
目的,Na
是,SHI
測試,VC
晶圓,Na
中,Ng
每,Nes
一,Neu
顆,Nf
晶粒,Na
的,DE
電氣,Na
特性,Na
，,COMMACATEGORY
線路,Na
的,DE
連接,VH
，,SHI
檢查,VC
其,Nep
是,SHI
否,D
為,VG
不良品,VH
，,SHI
若,D
為,VG
不良品,Na
，,SHI
則,D
點上,VC
一點,Neqa
紅,VH
墨水,Na
，,SHI
作為,VG
識別,Na
之,DE
用,VC
。,PERIODCATEGORY
除此,Cbb
之外,Ng
，,SHI
另,Nes
一,Neu
個,Nf
目的,Na
則,D
是,SHI
測試,Na
產品,Na
的,DE
良率,Na
，,COMMACATEGORY
依,P
良率,Na
的,DE
高低,VH
來,Na
判斷,VC
晶圓,Na
製造,VC
的,DE
過程,Na
是否,D
有誤,VH
。,PERIODCATEGORY
良品,Na
率,Na
高,VH
時,Ng
，,COMMACATEGORY
表示,VE
晶圓,Na
製造,VC
過程,Na
一,D
切,Na
正常,VH
，,COMMACATEGORY
若,Nb
良品,Na
率,Na
過,Dfa
低,VH
，,COMMACATEGORY
則,D
表示,VE
在,P
晶圓,Na
製造,VC
的,DE
過程,Na
中,Ng
，,COMMACATEGORY
有,V_2
某些,Neqa
步驟,Na
出現,VH
問題,Na
，,COMMACATEGORY
必須,D
儘快,D
通知,VC
工程師,Na
檢查,Nv
。,PERIODCATEGORY
 ,FW
      ,PER
（,PARENTHESISCATEGORY
二,Neu
）,PARENTHESISCATEGORY
雷射,Na
修補,VC
（,PARENTHESISCATEGORY
Laser Repairing,FW
）,PARENTHESISCATEGORY
       ,PER
雷射,Na
修補,VC
的,DE
目的,Na
是,SHI
修補,VC
那些,Neqa
尚,D
可,D
被,P
修,VC
復,Na
的,DE
不良品,Na
（,PARENTHESISCATEGORY
有,V_2
設計,VC
備份,Na
電路,Na
在,P
其,Nep
中,Ncd
者,Na
）,PARENTHESISCATEGORY
，,SHI
提高,VC
產品,Na
的,DE
良品,Na
率,Na
。,PERIODCATEGORY
當,P
晶圓,Na
針,Na
測,VC
完成,VC
後,Ng
，,COMMACATEGORY
擁有,VJ
備份,VH
電路,Na
的,DE
產品,Na
會,D
與,P
其,Nep
在,P
晶圓,Na
針,Na
測,VC
時,Ng
所,D
產生,VHC
的,DE
測試,Na
結果,Na
資料,Na
一同,D
送往,VC
雷,FW
射,VC
修補機,Na
中,Ng
，,COMMACATEGORY
這些,Neqa
資料,Na
包括,VK
不良品,Na
的,DE
位置,Na
，,COMMACATEGORY
線路,Na
的,DE
配置,Nv
等,Cab
。,PERIODCATEGORY
雷,FW
射,VC
修補機,Na
的,DE
控制,Nv
電腦,Na
可,D
依,P
這些,Neqa
資料,Na
，,COMMACATEGORY
嘗試,VF
將,P
晶圓,Na
中,Ng
的,DE
不良品,Na
修復,VA
。,PERIODCATEGORY
       ,PER
（,PARENTHESISCATEGORY
三,Neu
）,PARENTHESISCATEGORY
加溫,VC
烘烤,VC
（,PARENTHESISCATEGORY
Baking,FW
）,PARENTHESISCATEGORY
       ,PER
加溫,Na
烘烤,VC
是,SHI
針,Na
測,VC
流程,Na
中,Ng
的,DE
最後,Nd
一,Neu
項,Nf
作業,Na
，,PERIODCATEGORY
加,VC
溫,Na
烘烤,VC
的,DE
目的,Na
有,V_2
「,PARENTHESISCATEGORY
將,D
點,VC
在,P
晶粒,Na
上,Ncd
的,DE
紅墨水,Na
烤乾,Na
」,PARENTHESISCATEGORY
與,Caa
「,PARENTHESISCATEGORY
清理,Na
晶圓,Na
表面,Na
。,PERIODCATEGORY
經過,VCL
加溫,Na
烘烤,VC
的,DE
產品,Na
，,COMMACATEGORY
只要,D
有,V_2
需求,Na
便,Na
可以,D
出貨,VA
」,PARENTHESISCATEGORY
。,PERIODCATEGORY
五,Neu
、,PAUSECATEGORY
封裝,Na
製程,Na
       ,PER
電子,Na
封裝,Na
（,PARENTHESISCATEGORY
electronic packaging,FW
）,PARENTHESISCATEGORY
，,COMMACATEGORY
指,VC
的,DE
是,SHI
電子,Na
產品,Na
生產,VC
的,DE
過程,Na
中,Ng
，,COMMACATEGORY
將,P
各,Nes
種,Nf
電子,Na
元件,Na
，,COMMACATEGORY
依,P
需要,Na
而,Cbb
加以,D
組裝,VC
、,PAUSECATEGORY
連接,VH
的,DE
製程,Na
。,PERIODCATEGORY
例,FW
如,FW
，,SHI
將,P
晶圓,Na
（,PARENTHESISCATEGORY
wafer,FW
）,PARENTHESISCATEGORY
製造,VC
製程,Na
加工,VA
完成,VC
後,Ng
所,D
提供,VD
的,DE
晶圓,Na
中,Ng
每,Nes
一,Neu
顆,Nf
 ,Na
IC,FW
晶粒,Na
（,PARENTHESISCATEGORY
die,FW
）,PARENTHESISCATEGORY
獨,D
立,VC
分離,VA
，,SHI
並,Cbb
外接,VC
信號線,Na
至,P
導線,Na
架,Na
上,Ncd
並,D
加以,D
包覆,VC
。,PERIODCATEGORY
 ,FW
       ,PER
隨著,P
 ,Nb
IC,FW
產品,Na
需求,Na
量,VH
的,DE
日益,Na
提昇,VC
，,COMMACATEGORY
推動,VC
了,Nes
電子,Na
封裝,Na
產業,Na
的,DE
蓬勃,VH
發展,Nv
。,PERIODCATEGORY
而,Cbb
在,P
電子,Na
製造,VC
技術,Na
不斷,VH
發展,VC
演進,VH
，,COMMACATEGORY
以及,Caa
 ,FW
IC,FW
晶片,Na
「,PARENTHESISCATEGORY
輕,VH
、,PAUSECATEGORY
薄,VH
、,PAUSECATEGORY
短,VH
、,PAUSECATEGORY
小,VH
、,PAUSECATEGORY
高,VH
功能,Na
」,PARENTHESISCATEGORY
的,DE
要求,Na
下,Ng
，,COMMACATEGORY
亦,D
使得,VL
封裝,Na
技術,Na
不斷,VH
推陳,VC
出,VC
新,VH
，,COMMACATEGORY
以,P
符合,VJ
電子,Na
產品,Na
的,DE
需要,Na
，,COMMACATEGORY
並,Cbb
進而,D
充分,VH
發揮,VC
其,Nep
功能,Na
。,PERIODCATEGORY
 ,FW
 ,FW
 ,FW
 ,FW
 ,FW
 ,FW
封裝,Na
的,DE
目的,Na
主要,D
有,V_2
「,PARENTHESISCATEGORY
電力,Na
傳送,Nv
」,PARENTHESISCATEGORY
、,PAUSECATEGORY
「,PARENTHESISCATEGORY
訊號,Na
輸送,Nv
」,PARENTHESISCATEGORY
、,PAUSECATEGORY
「,PARENTHESISCATEGORY
熱,VH
的,DE
去除,Nv
」,PARENTHESISCATEGORY
與,Caa
「,PARENTHESISCATEGORY
電路,Na
保護,Nv
」,PARENTHESISCATEGORY
。,PERIODCATEGORY
       ,PER
所有,Neqa
電子,Na
產品,Na
皆,D
以,P
「,PARENTHESISCATEGORY
電,Na
」,PARENTHESISCATEGORY
為,VG
能源,Na
，,COMMACATEGORY
然而,Cbb
電力,Na
的,DE
傳送,Nv
必須,D
經過,VCL
線路,Na
的,DE
連接方,Na
可,D
達成,VC
，,COMMACATEGORY
IC,FW
 ,Ncd
封裝,Na
即,D
可,D
達到,VJ
此,Nep
一,Neu
功能,Na
。,PERIODCATEGORY
而,Cbb
線路,Na
連接,VH
之後,Ng
，,COMMACATEGORY
各,Nes
電子,Na
元件,Na
間,Ng
的,DE
訊號,Na
傳遞,VD
自然,D
可,D
經由,P
這些,Neqa
電路,Na
加以,D
輸送,VD
。,PERIODCATEGORY
電子,Na
封裝,Na
的,DE
另,Nes
一,Neu
功能,Na
，,COMMACATEGORY
則,D
是,SHI
藉由,P
封裝,Na
材料,Na
的,DE
導熱,Na
功能,Na
，,COMMACATEGORY
將,P
電子,Na
於,P
線路,Na
間,Ng
傳遞,VD
產生,VHC
的,DE
熱量,Na
去除,VC
，,COMMACATEGORY
以,P
避免,VL
 ,FW
IC,FW
 ,FW
晶片,Na
因,Cbb
過熱,VH
而,Cbb
毀損,VC
。,PERIODCATEGORY
最,Dfa
後,Ng
，,COMMACATEGORY
IC,FW
 ,FW
封裝,Na
除,P
對,P
易碎,VH
的,DE
晶片,Na
提供,VC
了足,VH
夠,VH
的,DE
機械,Na
強度,Na
，,SHI
以及,Caa
適當,VH
的,DE
保護,Nv
，,SHI
亦,D
避免,VE
了精細,VH
的,DE
積體,Na
電路,Na
受到,VJ
污染,Nv
的,DE
可能性,Na
。,PERIODCATEGORY
IC,FW
 ,FW
封裝,Na
除,P
了,VF
能,D
提供,VD
上述,Na
主要,A
功能,Na
之外,Ng
，,COMMACATEGORY
亦,D
可,D
使,VL
 IC,FW
 ,FW
產品,Na
具有,VJ
優雅,VH
美觀,VH
的,DE
外表,Na
，,COMMACATEGORY
並,Cbb
為,P
使用者,Na
提供,VD
了,Nb
安全,VH
的,DE
使用,Nv
及,Caa
簡,VH
便,Na
的,DE
操作,Nv
環境,Na
。,PERIODCATEGORY
 ,FW
 ,FW
     ,ORG
IC,FW
 ,FW
封裝,Na
依,P
使用,VC
材料,Na
可,D
分為,VG
陶瓷,Na
（,PARENTHESISCATEGORY
ceramic,FW
）,PARENTHESISCATEGORY
及,Caa
塑膠,Na
（,PARENTHESISCATEGORY
plastic,FW
）,PARENTHESISCATEGORY
兩種,Na
，,SHI
而,Cbb
目前,Nd
商業,Na
應用,VC
，,SHI
則,D
以,P
塑膠,Na
封裝,Na
為主,VI
。,PERIODCATEGORY
以,P
塑膠,Na
封裝,Nv
中,Ng
打線,Na
接合,VC
為,VG
例,Na
，,COMMACATEGORY
其,Nep
步驟,Na
依序,D
為,VG
晶圓,Na
切割,Na
（,PARENTHESISCATEGORY
die saw,FW
）,PARENTHESISCATEGORY
、,PAUSECATEGORY
黏晶,Na
（,PARENTHESISCATEGORY
die mount,FW
／,FW
die bond,FW
）,PARENTHESISCATEGORY
、,PAUSECATEGORY
銲線,Na
（,PARENTHESISCATEGORY
wire bond,FW
）,PARENTHESISCATEGORY
、,PAUSECATEGORY
封膠,Na
（,PARENTHESISCATEGORY
mold,FW
）,PARENTHESISCATEGORY
、,PAUSECATEGORY
剪切,Na
／,FW
成形,Na
（,PARENTHESISCATEGORY
trim,FW
／,FW
form,FW
）,PARENTHESISCATEGORY
、,PAUSECATEGORY
印字,Na
（,PARENTHESISCATEGORY
mark,FW
）,PARENTHESISCATEGORY
、,PAUSECATEGORY
電鍍,Na
（,PARENTHESISCATEGORY
plating,FW
）,PARENTHESISCATEGORY
及,Caa
檢驗,Na
（,PARENTHESISCATEGORY
inspection,FW
）,PARENTHESISCATEGORY
等,Cab
。,PERIODCATEGORY
以下,Ncd
依序,D
對,P
封裝,Na
製程,Na
的,DE
各,Nes
個,Nf
步驟,Na
做,VC
一,Neu
說明,Na
：,COLONCATEGORY
      ,PER
（,PARENTHESISCATEGORY
一,Neu
）,PARENTHESISCATEGORY
晶圓,Na
切割,VC
（,PARENTHESISCATEGORY
die saw,FW
）,PARENTHESISCATEGORY
 ,FW
 ,FW
 ,FW
 ,FW
 ,FW
 ,FW
晶圓,Na
切割,VC
的,DE
目的,Na
乃是,Cbb
要,D
將,P
前,Nes
製程,Na
加工,VA
完成,VC
的,DE
晶圓,Na
上,Ncd
一顆顆,Neqa
的,DE
晶粒,Na
（,PARENTHESISCATEGORY
Die,FW
）,PARENTHESISCATEGORY
切割,VC
分離,Na
。,PERIODCATEGORY
首先,D
要,D
在,P
晶圓,Na
背面,Nc
貼上,VC
膠帶,Na
（,PARENTHESISCATEGORY
blue tape,FW
）,PARENTHESISCATEGORY
並,D
置於,VC
鋼製,VC
的,DE
框架,Na
上,Ng
，,SHI
此,Nep
一,Neu
動作,Na
叫,VG
晶圓,Na
黏片,Na
（,PARENTHESISCATEGORY
w,FW
afer mount,FW
）,PARENTHESISCATEGORY
（,PARENTHESISCATEGORY
右圖,Na
）,PARENTHESISCATEGORY
。,PERIODCATEGORY
 ,FW
     ,PER
而後,D
再,D
送,VC
至,P
晶片,Na
切割機,Na
上,Ncd
進行切割,VA
。,PERIODCATEGORY
切,VC
割完,VC
後,Ng
，,COMMACATEGORY
一顆顆,Neqa
的,DE
晶粒井然,PER
有,V_2
序,Na
的,DE
排列,Na
在,P
膠帶,Na
上,Ncd
，,COMMACATEGORY
如下,Dk
圖,Na
，,COMMACATEGORY
同時,Nd
由於,Cbb
框架,Na
的,DE
支撐,Nv
可,D
避免,VE
膠帶,Na
皺摺,Na
而,Cbb
使,VL
晶粒,Na
互相,D
碰撞,VA
，,COMMACATEGORY
而,Cbb
框架,Na
撐住,VC
膠帶,Na
以,P
便,Na
於,P
搬運,VC
。,PERIODCATEGORY
 ,FW
 ,FW
 ,FW
 ,FW
 ,FW
晶圓,Na
黏片,Na
（,PARENTHESISCATEGORY
wafer mount,FW
）,PARENTHESISCATEGORY
乃,D
是,SHI
於,P
晶圓,Na
背面,Na
貼上,VC
膠帶,Na
（,PARENTHESISCATEGORY
blue tape,FW
）,PARENTHESISCATEGORY
，,SHI
並,D
置於,VC
鋼製,VC
的,DE
框架,Na
上,Ncd
。,PERIODCATEGORY
（,PARENTHESISCATEGORY
二,Neu
）,PARENTHESISCATEGORY
黏晶,Na
（,PARENTHESISCATEGORY
die mount / die bond,FW
）,PARENTHESISCATEGORY
      ,ORG
黏晶,Na
的,DE
目的,Na
乃,D
是,SHI
將,P
一顆顆,Neqa
分離,Na
的,DE
晶粒,Na
放置,VC
在,P
導線架,Na
（,PARENTHESISCATEGORY
lead frame,FW
）,PARENTHESISCATEGORY
（,PARENTHESISCATEGORY
下,Ncd
左,Ncd
圖,Na
）,PARENTHESISCATEGORY
上,Ncd
，,COMMACATEGORY
並,D
用,P
銀膠,Na
（,PARENTHESISCATEGORY
epoxy,FW
）,PARENTHESISCATEGORY
黏,VC
著,Di
固定,VHC
。,PERIODCATEGORY
      ,ORG
導線架,Na
是,SHI
提供,VC
晶粒,Na
一,Neu
個,Nf
黏著,VC
的,DE
位置,Na
（,PARENTHESISCATEGORY
晶粒,Na
座 ,Na
die pad,FW
）,PARENTHESISCATEGORY
，,PERIODCATEGORY
並,Cbb
預設,VC
有,V_2
可,D
延伸,VC
 ,Na
IC,FW
 ,FW
晶粒,Na
電路,Na
的,DE
延伸腳,Na
（,PARENTHESISCATEGORY
分為,VG
內引腳,Na
及,Caa
外引腳,Na
 ,Na
inner,FW
 ,FW
lead/outer lead,FW
）,PARENTHESISCATEGORY
。,PERIODCATEGORY
一,Neu
個,Nf
導線架,Na
上,Ncd
依,P
不同,VH
的,DE
設計,Na
可以,D
有,V_2
數,Na
個,Nf
晶,Na
粒座,Na
，,COMMACATEGORY
這,Nep
數,Na
個,Nf
晶粒座,Na
通常,D
排成,VG
一,Neu
列,Nf
，,COMMACATEGORY
亦,D
有,V_2
成,VG
矩陣式,Na
的,DE
多,VH
列,Nf
排法,Na
。,PERIODCATEGORY
導線架,Na
經,P
傳輸,VC
至,P
定位,VH
後,Ng
，,COMMACATEGORY
首先,D
要,D
在,P
晶,Na
粒座,Na
預定,VE
黏,VC
著,Di
晶粒,Na
的,DE
位置,Na
上,Ncd
點上,VC
銀膠,Na
（,PARENTHESISCATEGORY
此,Nep
一,Neu
動作,Na
稱為,VG
點膠,Na
）,PARENTHESISCATEGORY
，,COMMACATEGORY
然後,D
移至,VCL
下,Ncd
一,Neu
位置,Na
將,P
晶粒,Na
置放,VC
其,Nep
上,Ncd
。,PERIODCATEGORY
而,Cbb
經過,VCL
切割,VC
的,DE
晶圓,Na
上,Ncd
的,DE
晶粒,Na
則,D
由,P
取,VC
放臂,Na
一,Neu
顆,Nf
一,Neu
顆,Nf
地,DE
置放,VC
在,P
已,A
點膠,Na
的,DE
晶粒座,Na
上,Ncd
。,PERIODCATEGORY
黏晶,Na
完,VH
後,Ng
的,DE
導線架,Na
則,D
經由,P
傳輸,Nv
設備,Na
送至,VC
彈匣,Na
（,PARENTHESISCATEGORY
magazine,FW
）,PARENTHESISCATEGORY
內,Ncd
。,PERIODCATEGORY
黏晶,Na
後,Ng
的,DE
成品,Na
如下,VH
右圖,Na
所,D
示,VC
。,PERIODCATEGORY
導線架,Na
（,PARENTHESISCATEGORY
lead frame,FW
）,PARENTHESISCATEGORY
提供,VD
了晶粒,Na
黏,VC
著,Di
的,DE
位置,Na
，,COMMACATEGORY
並,D
預設,VC
有,V_2
可,D
延伸,VC
 ,FW
IC,FW
晶粒,Na
電路,Na
的,DE
延伸腳,Na
（,PARENTHESISCATEGORY
分,VC
內引腳,Na
及,Caa
外引腳,Na
）,PARENTHESISCATEGORY
。,PERIODCATEGORY
一,Neu
個,Nf
導線,Na
架,Na
上,Ncd
一,Neu
不同,VH
設計,Na
可,D
有,V_2
一,Neu
個,Nf
或,Caa
數,Na
個,Nf
晶,Na
粒座,Na
。,PERIODCATEGORY
 ,FW
 ,FW
 ,FW
 ,FW
 ,FW
 ,FW
 ,FW
 ,FW
 ,FW
（,PARENTHESISCATEGORY
三,Neu
）,PARENTHESISCATEGORY
銲線,Na
（,PARENTHESISCATEGORY
wire,FW
 ,FW
bond,FW
）,PARENTHESISCATEGORY
  ,Na
  ,Na
  ,Na
銲線,Na
的,DE
目的,A
是,SHI
將,P
晶粒,Na
上,Ncd
的,DE
接點,Na
以,P
極細,VH
的,DE
金線,Na
（,PARENTHESISCATEGORY
18,Neu
~,FW
50,Neu
u,FW
m,Nf
）,PARENTHESISCATEGORY
連,Na
接到,VC
導線架,Na
上,Ncd
的,DE
內引腳,Na
，,COMMACATEGORY
藉而,Cbb
將,P
 ,FW
IC,FW
晶粒,Na
的,DE
電路,Na
訊號,Na
傳輸到,VC
外界,Nc
。,PERIODCATEGORY
當,P
導線架,Na
從,P
彈匣,Na
內,Ncd
傳送,VD
至,P
定位,Na
後,Ng
，,COMMACATEGORY
應用,VC
電子,Na
影像,Na
處理,Na
技術,Na
來,VC
確定,VK
晶粒,Na
上,Ncd
各,Nes
個,Nf
接點,Na
，,COMMACATEGORY
以及,Caa
每,Nes
一,Neu
接點,Na
所,D
相,D
對應,VJ
的,DE
內,Ncd
引,VC
腳,Na
上,Ncd
的,DE
接點,Na
的,DE
位置,Na
，,COMMACATEGORY
然後,D
做,VC
銲線,Na
的,DE
動作,Na
。,PERIODCATEGORY
銲線,Na
時,Ng
，,COMMACATEGORY
以,P
晶粒,Na
上,Ncd
的,DE
接點,Na
為,VG
第一,Neu
銲點,Na
，,COMMACATEGORY
內接,Na
腳,Na
上,Ncd
的,DE
接點,Na
為,VG
第二,Neu
銲點,Na
。,PERIODCATEGORY
首先,A
，,SHI
將,P
金線,Na
的,DE
端點,Na
燒結成,VG
小球,Na
，,SHI
而後,D
將,P
小球,Na
壓,VC
銲,Na
在,P
第,Neu
一,Neu
銲點,Na
上,Ncd
（,PARENTHESISCATEGORY
此,Nep
稱為,VG
第一,Neu
銲,Na
，,SHI
first bond,FW
）,PARENTHESISCATEGORY
。,PERIODCATEGORY
接著,D
依,P
設計,VC
好,VH
的,DE
路徑,Na
拉,VC
金線,Na
，,COMMACATEGORY
最後,Nd
將,P
金線,Na
壓銲,Na
在,P
第二,Neu
銲點,Na
上,Ncd
（,PARENTHESISCATEGORY
此,Nep
稱為,VG
第二,Neu
銲,Na
，,FW
second bond,FW
）,PARENTHESISCATEGORY
，,COMMACATEGORY
同時,Nd
並,D
拉斷,VC
第二,Neu
銲點,Na
與,Caa
鋼嘴,Na
間,Ng
的,DE
金線,Na
，,COMMACATEGORY
而,Cbb
完成,VC
一,Neu
條,Nf
金線,Na
的,DE
銲線,Na
動作,Na
（,PARENTHESISCATEGORY
下,Ncd
圖,Na
左,Ncd
）,PARENTHESISCATEGORY
。,PERIODCATEGORY
接著,P
便,Na
又,D
結成,VG
小球,Na
開始,VL
下,Nes
一,Neu
條,Nf
金線,Na
之,DE
銲線,Na
動作,Na
。,PERIODCATEGORY
銲線,Na
完成,VC
後之,Na
晶粒,Na
與,Caa
導線架,Na
則,D
如,P
圖,Na
所,D
示,VC
。,PERIODCATEGORY
下圖,Na
右,Ncd
為,P
 ,Na
30,Neu
µ,FW
Ø,FW
之,DE
金線,Na
與,Caa
頭髮,Na
的,DE
比較,Na
。,PERIODCATEGORY
 ,FW
 ,FW
 ,FW
 ,FW
 ,FW
 ,FW
 ,FW
  ,Nb
 ,FW
（,PARENTHESISCATEGORY
四,Neu
）,PARENTHESISCATEGORY
封膠,Na
（,PARENTHESISCATEGORY
mold,FW
）,PARENTHESISCATEGORY
  ,Na
  ,Na
  ,Na
封膠,Na
的,DE
目的,Na
有,V_2
以下,Ncd
數點,Na
：,COLONCATEGORY
  ,Na
  ,Na
  ,Na
防止,Nv
濕氣,Na
等,Cab
由,P
外部,Ncd
侵入,VC
。,PERIODCATEGORY
以,P
機械,Na
方式,Na
支持,VC
導線,Na
。,PERIODCATEGORY
   ,PER
有效,VH
地,DE
將,P
內部,Ncd
產生,VHC
的,DE
熱,VH
排出,VC
於,P
外部,Ncd
。,PERIODCATEGORY
 ,FW
 ,FW
 ,FW
提供,VD
能夠,D
手持,VC
的,DE
形體,Na
。,PERIODCATEGORY
 ,FW
 ,FW
 ,FW
 ,FW
 ,FW
 ,FW
 ,FW
封膠,Na
的,DE
過程,Na
比較,Dfa
單純,VH
，,COMMACATEGORY
首先,D
將,P
銲線,Na
完成,VC
的,DE
導線,Na
架置,VC
放,VC
於,P
框架,Na
上,Ng
並,D
先,D
行預熱,VH
，,COMMACATEGORY
再,D
將,P
框架,Na
置,VC
於,P
壓模機,Na
（,PARENTHESISCATEGORY
mold,FW
 press,FW
）,PARENTHESISCATEGORY
上,Ncd
的,DE
封裝模,Na
上,Ng
，,PERIODCATEGORY
此,Nep
時預,Na
熱,VH
好,VH
的,DE
樹脂,Na
亦,D
準備好,VC
投入,VC
封裝模,Na
上,Ncd
的,DE
樹脂,Na
進料口,VA
。,PERIODCATEGORY
啟動,VC
機器,Na
後,Ng
，,PERIODCATEGORY
壓,VC
模機,Na
壓下,VC
，,PERIODCATEGORY
封閉,VC
上下模,Na
再,D
將,P
半溶化,Na
後,Ng
的,DE
樹脂,Na
擠入,VCL
模,Na
中,Ng
，,COMMACATEGORY
待,P
樹脂,Na
充填,VC
硬化,Na
後,Ng
，,COMMACATEGORY
開模,VA
取出,VC
成品,Na
。,PERIODCATEGORY
封膠,Na
完成,VC
後,Ng
的,DE
成品,Na
，,COMMACATEGORY
可以,D
看到,VE
在,P
每,Nes
一,Neu
條,Nf
導線架,Na
上,Ncd
的,DE
每,Nes
一,Neu
顆,Nf
晶粒,Na
包覆,VC
著,Di
堅固,VH
之,DE
外殼,Na
，,COMMACATEGORY
並,D
伸出,VC
外引腳,Na
互相,Na
串,FW
聯,FW
在,P
一起,D
（,PARENTHESISCATEGORY
如,P
圖,Na
所,D
示,VC
）,PARENTHESISCATEGORY
。,PERIODCATEGORY
 ,FW
        ,PER
（,PARENTHESISCATEGORY
五,Neu
）,PARENTHESISCATEGORY
印字,Na
（,PARENTHESISCATEGORY
Mark,FW
）,PARENTHESISCATEGORY
      ,PER
印字,Na
的,DE
目的,Na
，,COMMACATEGORY
在,P
註明,VE
商品,Na
的,DE
規格,Na
及,Caa
製造者,Na
。,PERIODCATEGORY
良好,VC
的,DE
印字,Na
令,VC
人,Na
有,V_2
高尚,Na
產品,Na
的,DE
感覺,Na
，,SHI
因此,Cbb
，,SHI
在,P
IC,FW
 ,FW
封裝,Na
過程,Na
中,Ng
，,SHI
印字,Na
亦,D
是,SHI
相當,Dfa
重要,VH
的,DE
，,SHI
往往,D
會,D
有,V_2
因為,Cbb
印字,Na
不,VJ
清晰,VH
或,Caa
字跡,Na
斷,VC
裂,Na
而,Cbb
遭致,VJ
退貨,VA
重新,D
印字,Na
的,DE
情形,Na
。,PERIODCATEGORY
印字,Na
的,DE
方式,Na
有,V_2
下,Nes
列,VC
幾,Neu
種,Nf
：,COLONCATEGORY
     ,PER
 ,FW
印式,Na
：,COLONCATEGORY
直接,VH
像,VG
印章,Na
一樣,VH
印字,Na
在,P
膠體,Na
上,Ncd
。,PERIODCATEGORY
 ,FW
  ,Na
轉,VC
印式,Na
（,PARENTHESISCATEGORY
pad,FW
 print,FW
）,PARENTHESISCATEGORY
：,COLONCATEGORY
使用,VC
轉印頭,Na
，,COMMACATEGORY
從,P
字模,Na
上,Ncd
沾印,VC
再,D
印字,Na
在,P
膠體,Na
上,Ncd
。,PERIODCATEGORY
 ,FW
  ,Na
雷射,Na
刻印,Nv
方式,Na
（,PARENTHESISCATEGORY
laser mark,FW
）,PARENTHESISCATEGORY
：,COLONCATEGORY
使用,VC
雷射,Na
直接,A
在,P
膠體,Na
上,Ncd
刻印,VA
。,PERIODCATEGORY
       ,PER
為,P
了,Na
要,D
使,VL
印字,Na
清晰,VH
且,Cbb
不易,VH
脫落,VA
，,COMMACATEGORY
IC,FW
 ,FW
膠體,Na
的,DE
清潔,VH
、,PAUSECATEGORY
印料,Na
的,DE
選用,Na
及,Caa
印字,Na
的,DE
方式,Na
，,COMMACATEGORY
就,D
相當,VH
的,DE
重要,VH
。,PERIODCATEGORY
而,Cbb
在,P
印字,Na
的,DE
過程,Na
中,Ng
，,COMMACATEGORY
自動化,VHC
的,DE
印字機,Na
有,V_2
一定,A
的,DE
程序,Na
來,VC
完成,VC
每,Nes
項,Nf
工作,Na
以,P
確保,VE
印字,Na
的,DE
牢靠,VH
。,PERIODCATEGORY
印字,Na
後,Ng
的,DE
成品,Na
如,P
圖,Na
所,D
示,VC
。,PERIODCATEGORY
 ,FW
                         ,PER
（,PARENTHESISCATEGORY
六,FW
）,PARENTHESISCATEGORY
剪切,VC
／,FW
成形,Na
（,PARENTHESISCATEGORY
trim,FW
／,FW
 form,FW
）,PARENTHESISCATEGORY
      ,PER
封膠,Na
完,VH
後,Ng
的,DE
導線架,Na
須,D
先,D
將,P
導線,Na
架上,VC
多餘,A
的,DE
殘膠,Na
去,D
除,P
（,PARENTHESISCATEGORY
deflash,FW
）,PARENTHESISCATEGORY
，,SHI
並且,D
經過,VCL
電鍍,Na
（,PARENTHESISCATEGORY
plating,FW
）,PARENTHESISCATEGORY
以,P
增加,VC
外引腳,Na
的,DE
導電性,Na
及,Caa
抗氧化性,Na
，,COMMACATEGORY
而後,D
再,D
進行,VA
剪切,VA
成型,Na
。,PERIODCATEGORY
剪切,VA
的,DE
目的,Na
，,COMMACATEGORY
乃是,Cbb
要,D
將,P
整,Neqa
條,Nf
導線架,Na
上,Ng
已,D
封裝,VC
好,VH
之,DE
晶粒,Na
，,COMMACATEGORY
每,Nes
個,Nf
獨立,VH
分開,VHC
，,COMMACATEGORY
同時,Nd
，,COMMACATEGORY
亦,D
要,D
把,P
不,D
需要,VK
的,DE
連接,VH
用,VC
材料,Na
及,Caa
部份,Neqa
凸出,VH
的,DE
樹脂,Na
切除,VC
（,PARENTHESISCATEGORY
dejunk,FW
）,PARENTHESISCATEGORY
。,PERIODCATEGORY
 ,FW
 ,FW
 ,FW
 ,FW
 ,FW
 ,FW
剪切,VC
完成,VC
時,Ng
的,DE
每,Nes
個,Nf
獨立封,Na
膠晶,Na
粒,Ng
的,DE
模樣,Na
，,COMMACATEGORY
是,SHI
一,Neu
塊,Nf
堅固,VH
的,DE
樹脂,Na
硬殼,Na
，,SHI
並,D
由,P
側面,Ncd
伸出,VC
許多,Neqa
支,Nf
外引,VC
腳,Na
。,PERIODCATEGORY
而,Cbb
成型,Na
的,DE
目的,Na
，,COMMACATEGORY
則,D
是,SHI
將,P
這些,Neqa
外引腳,Na
壓成,VG
各,Nes
種,Nf
預先,D
設計,VC
好,VH
的,DE
形狀,Na
，,COMMACATEGORY
以,P
便,Na
於,P
爾,Na
後,Ng
裝置,VC
在,P
電路板,Na
上,Ncd
使用,VC
，,COMMACATEGORY
由於,Cbb
定位,Na
及,Caa
動作,Na
的,DE
連,Na
器續性,Na
，,COMMACATEGORY
剪,VC
切,Na
及,Caa
成型,Na
通常,D
在,P
一,Neu
部,Nf
機器,Na
上,Ncd
，,SHI
或,Caa
分成,VG
兩部機,Na
（,PARENTHESISCATEGORY
trim,FW
 / dejunk,FW
 ,FW
",",COMMACATEGORY
 ,FW
form,FW
 ,FW
/,FW
 ,FW
singular,FW
）,PARENTHESISCATEGORY
上,Ncd
連續,Na
完成,VC
。,PERIODCATEGORY
成型,Na
後,Ng
的,DE
每,Nes
一,Neu
顆,Nf
 IC,FW
 ,FW
便,Na
送入,VC
塑膠管,Na
（,PARENTHESISCATEGORY
tube,FW
）,PARENTHESISCATEGORY
或,Caa
承載盤,Na
（,PARENTHESISCATEGORY
tray,FW
）,PARENTHESISCATEGORY
以,P
方便,Na
輸送,VC
。,PERIODCATEGORY
照片,Na
所,D
示,VC
乃,D
剪切,VA
成型,Na
後,Ng
的,DE
成品,Na
。,PERIODCATEGORY
（,PARENTHESISCATEGORY
六,FW
）,PARENTHESISCATEGORY
檢驗,Nv
（,PARENTHESISCATEGORY
Inspection,FW
）,PARENTHESISCATEGORY
       ,PER
檢驗,VC
的,DE
目的,Na
為,P
確定,VK
封裝,Na
完成,VC
之,DE
產品,Na
是否,D
合於,VJ
使用,VC
。,PERIODCATEGORY
檢驗,VC
的,DE
項目,Na
包括,VK
：,COLONCATEGORY
外引腳,Na
之,DE
平整性,Na
、,PAUSECATEGORY
共面度,Na
、,PAUSECATEGORY
腳距,Na
、,PAUSECATEGORY
印字,Na
是否,D
清晰,VH
及,Caa
膠體,Na
是否,D
有,V_2
損傷,VH
等,Cab
的,DE
外觀,Na
檢驗,Nv
。,PERIODCATEGORY
六,FW
、,PAUSECATEGORY
電子,Na
封裝,Na
製造,VC
技術,Na
 ,FW
 ,FW
    ,PER
IC,FW
 ,FW
晶片,Na
必須,D
依照,P
設計,Na
與,Caa
外界,Ncd
之,DE
電路,Na
連接,VH
，,COMMACATEGORY
才,Da
可,D
正常,VH
發揮,VJ
應有,VH
的,DE
功能,Na
。,PERIODCATEGORY
用於,VG
封裝,Na
的,DE
材料,Na
主要,D
可,D
分為,VG
塑膠,Na
（,PARENTHESISCATEGORY
plastic,FW
）,PARENTHESISCATEGORY
及,Caa
陶瓷,Na
（,PARENTHESISCATEGORY
ceramic,FW
）,PARENTHESISCATEGORY
兩種,Na
。,PERIODCATEGORY
其中,Cbb
，,COMMACATEGORY
塑膠,Na
封裝,Na
因,Cbb
成本,Na
低廉,Na
，,SHI
適合,VH
大量,Na
生產,VC
且,Cbb
能,D
夠,D
滿足,VH
表面,Na
黏著,VC
技術,Na
的,DE
需求,Na
，,SHI
目前,Nd
以,P
成為,VG
最,Dfa
主要,VH
的,DE
 ,FW
IC,FW
封裝,Na
方式,Na
。,PERIODCATEGORY
而,Cbb
陶瓷,Na
封裝,Na
的,DE
發展,Na
已,D
有,V_2
三十多,Neu
年,Nf
歷史,Na
，,COMMACATEGORY
亦,D
為,VG
早期,Nd
主要,A
的,DE
封裝,Na
方式,Na
。,PERIODCATEGORY
由於,Cbb
陶瓷,Na
封裝,Na
成本,Na
高,VH
，,COMMACATEGORY
組裝,Na
不易,VH
自動化,VHC
，,COMMACATEGORY
且,Cbb
在,P
塑膠,Na
封裝,Na
品質,Na
及,Caa
技術,Na
不斷,VH
提昇,VC
之,DE
情形,Na
下,Ng
，,COMMACATEGORY
大部份,Neqa
業者,Na
皆,D
已,D
盡,D
量,D
避免,VE
使用,VC
陶瓷,Na
封裝,Na
。,PERIODCATEGORY
然而,Cbb
，,COMMACATEGORY
陶瓷,Na
封裝,Na
具有,VJ
塑膠,Na
封裝,Na
無法,D
比擬,VC
的,DE
極,Dfa
佳,VH
散熱,VH
能力,Na
、,PAUSECATEGORY
可,D
靠,VJ
度,Na
及,Caa
氣密性,Na
，,COMMACATEGORY
並,D
可,D
提供,VD
高,VH
輸出,VC
入接腳數,Na
，,SHI
因此,Cbb
，,SHI
要求,VF
高功率,Na
及,Caa
高,VH
可,D
靠度,Na
的,DE
產品,Na
，,SHI
如,P
 ,FW
CPU,FW
、,PAUSECATEGORY
航太,Na
、,PAUSECATEGORY
軍事,Na
等,Cab
產品,Na
仍,D
有,V_2
使用,VC
陶瓷,Na
封裝,Na
的,DE
必要性,Na
。,PERIODCATEGORY
       ,PER
目前,Nd
用於,VJ
封裝,Na
的,DE
技術,Na
，,COMMACATEGORY
大概,D
有,V_2
以下,Ncd
數種,Na
。,PERIODCATEGORY
分別,D
為,VG
「,PARENTHESISCATEGORY
打線,Na
接合,VC
」,PARENTHESISCATEGORY
、,PAUSECATEGORY
「,PARENTHESISCATEGORY
捲帶式,A
自動,VH
接合,VC
」,PARENTHESISCATEGORY
、,PAUSECATEGORY
「,PARENTHESISCATEGORY
覆晶,Na
接合,VC
」,PARENTHESISCATEGORY
等,Cab
技術,Na
，,COMMACATEGORY
分述,VE
如下,Dk
：,COLONCATEGORY
      ,PER
 ,FW
（,PARENTHESISCATEGORY
一,Neu
）,PARENTHESISCATEGORY
打線,Na
接合,VC
（,PARENTHESISCATEGORY
Wire Bonding,FW
）,PARENTHESISCATEGORY
       ,PER
 ,FW
 ,FW
打線,Na
接合,VC
是,SHI
最,Dfa
早,D
亦,D
為,VG
目前,Nd
應用,VC
最,Dfa
廣,VH
的,DE
技術,Na
，,COMMACATEGORY
此,Nep
技術,Na
首先,D
將,P
晶片,Na
固定於,VJ
導線,Na
架,Na
上,Ng
，,SHI
再以,Cbb
細金,Na
屬線,Na
將,P
晶片,Na
上,Ncd
的,DE
電路,Na
和,Caa
導線架,Na
上,Ncd
的,DE
引腳相,Na
連接,VH
。,PERIODCATEGORY
而,Cbb
隨著,P
近年,Na
來,VC
其他,Neqa
技術,Na
的,DE
興起,VA
，,COMMACATEGORY
打線,Na
接合,VC
技術,Na
正,D
受到,VJ
挑戰,Na
，,COMMACATEGORY
其,Nep
市場,Nc
佔有,VJ
比例,Na
亦,D
正,D
逐漸,D
減少,VHC
當中,Ng
。,PERIODCATEGORY
但,Cbb
由於,Cbb
打線,Na
接合,VC
技術,Na
的,DE
簡易性,Na
及,Caa
便捷性,Na
，,COMMACATEGORY
加上,Cbb
長久,VH
以,P
來,VA
與,P
其,Nep
相,D
配合,VC
的,DE
機具,Na
、,PAUSECATEGORY
設備,Na
及,Caa
相關,VH
技術,Na
皆,D
以,P
十分,Dfa
成熟,VH
，,COMMACATEGORY
因此,Cbb
短期,Nd
內,Ncd
打線,VA
接合,VC
技術,Na
似乎,D
仍,D
不,VJ
大,VH
容易,Na
為,VG
其他,Neqa
技術,Na
所,D
淘汰,VC
。,PERIODCATEGORY
          ,PER
（,PARENTHESISCATEGORY
二,Neu
）,PARENTHESISCATEGORY
捲帶式,Na
自動,VH
接合,VC
（,PARENTHESISCATEGORY
Tape,FW
 Automated,FW
 Bonding,FW
",",COMMACATEGORY
 ,FW
TAB,FW
）,PARENTHESISCATEGORY
       ,ORG
捲帶式,Na
自動,VH
接合,VC
技術,Na
首先,D
於,P
 ,FW
1960,Neu
 ,FW
年代,Nd
，,COMMACATEGORY
由,P
通用,A
電子,Na
（,PARENTHESISCATEGORY
GE,FW
）,PARENTHESISCATEGORY
提出,VC
。,PERIODCATEGORY
捲帶式,Na
自動,VH
接合,VC
製程,Na
，,COMMACATEGORY
即,D
是,SHI
將,P
晶片,Na
與,Caa
在,P
高分子,Na
捲帶,Na
上,Ncd
的,DE
金屬,Na
電路相連接,VH
。,PERIODCATEGORY
而,Cbb
高分子,Na
捲帶,VC
的,DE
材料,Na
則,D
以,P
 polyimide,FW
為主,VI
，,COMMACATEGORY
捲帶,Na
上,Ncd
的,DE
金屬層,Na
則,D
以,P
銅箔,Na
使用,VC
最多,VH
。,PERIODCATEGORY
捲帶式,Na
自動,VH
接合,VC
具有,VJ
厚度,Na
薄,VH
、,PAUSECATEGORY
接腳,Na
間距,Na
小,VH
，,COMMACATEGORY
且,Cbb
能,D
提供,VD
高,VH
輸出,VC
入接,Na
腳數,Na
等,Cab
優點,Na
，,COMMACATEGORY
十分,Dfa
適用,VC
於,P
需要,VK
重量,Na
輕,VH
、,PAUSECATEGORY
體積,Na
小,VH
的,DE
 IC,FW
產品,Na
上,Ng
。,PERIODCATEGORY
        ,ORG
（,PARENTHESISCATEGORY
三,Neu
）,PARENTHESISCATEGORY
覆晶,Na
接合,VC
（,PARENTHESISCATEGORY
Flip Chip,FW
）,PARENTHESISCATEGORY
       ,ORG
覆晶式,Na
接合,VC
為,P
 IBM,FW
於,P
 ,FW
1960,Neu
 ,FW
年代,Nd
中,Ng
首先,D
開發,VC
而,Cbb
成,VG
。,PERIODCATEGORY
其,Nep
技術,Na
乃於,VG
晶粒,Na
的,DE
金屬,Na
墊上,VC
生成,VH
銲料,Na
凸塊,Na
，,COMMACATEGORY
而,Cbb
於,P
基版,Na
上,Ncd
生成,VH
與,Caa
晶粒,Na
銲料,Na
凸塊,Na
相,D
對應,VC
的,DE
接點,Na
，,COMMACATEGORY
接著,D
將,D
翻轉,VC
的,DE
晶粒,Na
對,P
準,VH
基版,Na
上,Ncd
的,DE
接點,Na
，,COMMACATEGORY
將,P
所有,Neqa
點,Na
接合,VH
。,PERIODCATEGORY
覆晶,Na
接合,VC
具有,VJ
最,Dfa
短,VH
連接,Na
長度,Na
、,PAUSECATEGORY
最佳,A
電器,Na
特性,Na
、,PAUSECATEGORY
最,Dfa
高,VH
輸出入,VC
接點,Na
密度,Na
，,COMMACATEGORY
且,Cbb
能,D
縮小,VC
 IC,FW
尺寸,Na
，,SHI
增加,VC
單位,A
晶圓,Na
產能,Na
，,SHI
已,D
被,P
看好,VC
為,P
未來,Na
極,Dfa
具,VJ
潛力,Na
的,DE
封裝,Na
方式,Na
。,PERIODCATEGORY
 ,Nb
  ,Nb
  ,Na
 ,Na
  ,Na
表面,Na
黏,VC
著,Di
技術,Na
（,PARENTHESISCATEGORY
surface mount technology,FW
）,PARENTHESISCATEGORY
，,COMMACATEGORY
過去,Nd
電子,Na
零件,Na
與,Caa
基板,Na
間,Ncd
的,DE
組裝,Na
連接,VH
，,COMMACATEGORY
必須,D
賴,VJ
焊接,Na
方,D
可,D
達成,VC
。,PERIODCATEGORY
而,Cbb
表面,Na
黏,VC
著,Di
技術,Na
為,VG
一,Neu
方,Nf
便,Na
快速,VH
的,DE
新興,LOC
技術,Na
，,COMMACATEGORY
藉由,P
表面,Na
黏,VC
著,Di
技術,Na
可,D
將,P
電子,Na
零件,Na
快速,VH
的,DE
「,PARENTHESISCATEGORY
銲,Na
」,PARENTHESISCATEGORY
於,P
基板,Na
上,Ng
並,D
維持,VJ
零件,Na
與,Caa
基板,Na
間,Ng
電路,Na
的,DE
通暢,VH
。,PERIODCATEGORY
 ,FW
 ,FW
 ,FW
 ,FW
     七,PER
、,PAUSECATEGORY
電子,Na
封裝,Na
型態,Na
 ,FW
   ,PER
 ,FW
 ,FW
半導體,Na
產品,Na
的,DE
 ,FW
I/O,FW
 ,FW
數目,Na
也,D
會,D
影響,VC
測試,Na
機台,Na
的,DE
可,D
適用性,Na
，,SHI
所有,Neqa
的,DE
 IC,FW
封裝,Na
型態,Na
可以,D
區分為,VG
兩大類,Na
，,PERIODCATEGORY
一,D
為,VG
引腳,Na
插入型,VA
，,SHI
另,Cbb
一,D
為,VG
表面,Na
黏,VC
著,Di
型,Na
。,PERIODCATEGORY
引腳,VA
插入型,Na
（,PARENTHESISCATEGORY
Pin Through Hole,FW
 ,Na
;,SEMICOLONCATEGORY
 ,FW
PTH,FW
）,PARENTHESISCATEGORY
，,COMMACATEGORY
顧名,Nb
思義,VE
，,COMMACATEGORY
就是,Cbb
其,Nep
外面,Ncd
的,DE
引腳,Na
必須,D
利用,VC
插件,Na
的,DE
方式,Na
，,COMMACATEGORY
才,Da
能,D
將,P
該,Nes
顆,Nf
 IC,FW
插入,VC
與,Caa
印刷,VC
電,Na
路板,Na
結合,VC
裝,VC
連接,Na
。,PERIODCATEGORY
 ,FW
  ,PER
 ,FW
表面,Na
黏,VC
著,Di
技術,Na
（,PARENTHESISCATEGORY
surface mount technology,FW
）,PARENTHESISCATEGORY
，,SHI
過去,Nd
電子,Na
零件,Na
與,Caa
基板,Na
間,Ng
的,DE
組裝,Na
連接,VH
，,SHI
必須,D
賴,VJ
焊接,Na
方,D
可,D
達成,VC
。,PERIODCATEGORY
而,Cbb
表面,Na
黏,VC
著,Di
技術,Na
為,VG
一,Neu
方,Nf
便,Na
快速,VH
的,DE
新興,LOC
技術,Na
，,COMMACATEGORY
藉由,P
表面,Na
黏,VC
著,Di
技術,Na
可,D
將,P
電子,Na
零件,Na
快速,VH
的,DE
「,PARENTHESISCATEGORY
銲,Na
」,PARENTHESISCATEGORY
於,P
基板,Na
上,Ng
並,D
維持,VJ
零件,Na
與,Caa
基板,Na
間,Ng
電路,Na
的,DE
通暢,VH
。,PERIODCATEGORY
封 ,Na
裝,VC
 型,Na
 ,FW
態 ,Na
應 ,Na
用,VC
 ,FW
產,VC
 ,FW
品,Na
 ,FW
變,VH
 ,FW
化,VH
 型,Na
 態,Na
 ,FW
 ,FW
引腳,Na
插入型,Na
 ,FW
DIP,FW
 ,FW
消費性,Na
電子,Na
 PDIP  SK-DIP   ,ORG
表面,Na
黏,VC
著,Di
型,Na
 ,FW
記憶體,Na
 ,FW
SOP  TSOP  SSOP    SO,ORG
 ,FW
可,D
程式,Na
化,VG
邏,FW
輯,VC
 ,FW
IC SOJ   LCC  TQFP   LCC 邏輯 IC LQFP   QFP 晶片組,ORG
 LCD BGA TAB F/C   Others   （BGA、TAB,ORG
）,PARENTHESISCATEGORY
    DIP=Dual in-l,ORG
ne package BGA=Ball grid array   SO=Small outline TAB=Tape-automated bonging   QFP=Quad flat package LCC=Leaded chip carrier       ,ORG
引腳,Na
插入型,Na
目前,Nd
常,D
見,VC
的,DE
封裝,Na
型態,Na
主要,D
是,SHI
 DIP,FW
，,COMMACATEGORY
如果,Cbb
再,D
細分,VH
的,DE
話,Na
，,COMMACATEGORY
又,D
有,V_2
 SK-DIP,ORG
、,PAUSECATEGORY
SIP,FW
（,PARENTHESISCATEGORY
單邊,A
引腳,Na
）,PARENTHESISCATEGORY
等,Cab
；,Cab
在,P
表面,Na
黏著型,Na
方面,Na
，,COMMACATEGORY
主要,A
的,DE
封裝,Nv
型態,Na
有,V_2
 SO,FW
、,PAUSECATEGORY
 QFP,FW
、,PAUSECATEGORY
BGA,FW
 ,FW
等,Cab
。,PERIODCATEGORY
常,D
見,VC
的,DE
外觀,Na
及,Caa
相關,VH
應用,Na
請,VF
見下,VC
圖 ,Na
：,FW
      ,ORG
封裝,Na
型態,Na
 ,FW
封裝,Na
名稱,Na
 ,FW
常見,Na
應用,Na
產品,Na
 ,FW
  Single In-Line    Power Transistor Package（SIP,ORG
）,PARENTHESISCATEGORY
   Dual In-Line Package SRAM,ORG
",",COMMACATEGORY
 ROM,ORG
",",COMMACATEGORY
 EPROM,ORG
",",COMMACATEGORY
 EEPROM,ORG
",",COMMACATEGORY
    （DIP,ORG
）,PARENTHESISCATEGORY
 FLASH,ORG
",",COMMACATEGORY
 Microcontroller   Zig-Zag In-Line    DRAM,ORG
",",COMMACATEGORY
 SRA,ORG
Package（ZIP,ORG
）,PARENTHESISCATEGORY
   Small Outline    Linear,ORG
",",COMMACATEGORY
 Logic,ORG
",",COMMACATEGORY
 DRAM,ORG
",",COMMACATEGORY
 SRAM Package（SOP,ORG
）,PARENTHESISCATEGORY
   Plastic Leaded Chip 256K DRAM,ORG
",",COMMACATEGORY
 ROM,ORG
",",COMMACATEGORY
 SRAM,ORG
",",COMMACATEGORY
 EPROM,ORG
",",COMMACATEGORY
    Carrier,ORG
（,PARENTHESISCATEGORY
PLCC） EEPROM,ORG
",",COMMACATEGORY
 FLASH,ORG
",",COMMACATEGORY
 Microcontroller    ,ORG
23,Neu
-,DASHCATEGORY
12,Neu
       Small Outline,ORG
RAM,ORG
",",COMMACATEGORY
 SRAM,ORG
",",COMMACATEGORY
 EPROM,ORG
",",COMMACATEGORY
 EEPROM,ORG
",",COMMACATEGORY
    Package（SOJ,ORG
）,PARENTHESISCATEGORY
 FLASH   Quad Flat Package   Microprocessor    （QFP,ORG
）,PARENTHESISCATEGORY
   Pin Grid Array    Microprocessor ,ORG
（,PARENTHESISCATEGORY
PGA,ORG
）,PARENTHESISCATEGORY
      ,ORG
各,Nes
封裝,Na
型態,Na
敘述,Na
如下,VK
：,FW
       ,ORG
（,PARENTHESISCATEGORY
一,Neu
）,PARENTHESISCATEGORY
 DIP（Dual In-Line Package,ORG
）,PARENTHESISCATEGORY
       ,ORG
它,Nh
的,DE
引腳,Na
是,SHI
長在,VH
IC,FW
 ,FW
的,DE
兩,Na
邊,Ncd
，,COMMACATEGORY
而且,Cbb
是,SHI
利用,VC
插件,Na
方式,Na
讓,VL
 IC,FW
 ,FW
與,Caa
印刷,Nv
電路板,Na
結合,VHC
，,COMMACATEGORY
有別於,VJ
另,Nes
一,Neu
種,Nf
適用,VJ
於,P
表面,Na
黏,VC
著,Di
技術,Na
的,DE
封裝,Na
方式,Na
，,COMMACATEGORY
這,Nep
種,Nf
封裝,Na
的,DE
材料,Na
可以,D
是,SHI
塑膠,Na
（,PARENTHESISCATEGORY
Plastic,FW
）,PARENTHESISCATEGORY
或,Caa
陶瓷,Na
（,PARENTHESISCATEGORY
Ceramic,FW
）,PARENTHESISCATEGORY
，,COMMACATEGORY
因而,Cbb
有,V_2
 PDIP,FW
及,Caa
 CDIP,FW
之,DE
分,Na
，,SHI
大部份,Neqa
 ,Ncd
64,Neu
隻,Nf
腳,Na
以下,Ng
的,DE
電子,Na
元件,Na
是,SHI
利用,VC
這,Nep
種,Nf
封裝,Na
型態,Na
包裝,Na
的,DE
。,PERIODCATEGORY
（,PARENTHESISCATEGORY
二,Neu
）,PARENTHESISCATEGORY
 ,FW
SOP,FW
（,PARENTHESISCATEGORY
Small Outline Package,FW
）,PARENTHESISCATEGORY
       也,PER
有,V_2
人,Na
稱,VG
之,DE
為,VG
 SOIC,ORG
（,PARENTHESISCATEGORY
Small Outline Integrated Circuit,FW
）,PARENTHESISCATEGORY
，,COMMACATEGORY
跟,P
 DIP,FW
一樣,VH
，,COMMACATEGORY
大部分,Neqa
所,D
使用,VC
的,DE
腳數,Na
仍,D
被,P
侷限,VC
在,P
 ,Nes
64,Neu
隻,Nf
腳,Na
以下,Ncd
，,SHI
而,Cbb
大於,VJ
 ,FW
44,Neu
隻,Nf
腳,Na
以上,Ncd
的,DE
電子,Na
元件,Na
則,D
是,SHI
轉往,VCL
 LCC,ORG
或是,Caa
 QFP,FW
等,Cab
。,PERIODCATEGORY
SO ,ORG
系列,Na
型態,Na
包括,VK
有,V_2
 TSOP（Thin Small Outline Package,ORG
）,PARENTHESISCATEGORY
、,PAUSECATEGORY
TSSOP ,ORG
（,PARENTHESISCATEGORY
Thin-Shrink Small Outline Package,ORG
）,PARENTHESISCATEGORY
、,PAUSECATEGORY
SSOP,ORG
（,PARENTHESISCATEGORY
Shrink Small Outline Package,ORG
）,PARENTHESISCATEGORY
、,PAUSECATEGORY
SOJ,ORG
（,PARENTHESISCATEGORY
Small Outline J-Lead,ORG
）,PARENTHESISCATEGORY
、,PAUSECATEGORY
QSOP,ORG
（,PARENTHESISCATEGORY
Quarter-Size Small Outline Package,ORG
）,PARENTHESISCATEGORY
以及,Caa
 MSOP,FW
（,PARENTHESISCATEGORY
Minia,FW
ure Small Outline   Package,FW
）,PARENTHESISCATEGORY
等,Cab
。,PERIODCATEGORY
（,PARENTHESISCATEGORY
三,Neu
）,PARENTHESISCATEGORY
LCC,FW
（,PARENTHESISCATEGORY
Leaded/Leadless Chip Carrier,FW
）,PARENTHESISCATEGORY
 ,FW
 ,FW
 ,FW
 ,FW
 ,FW
 ,FW
 ,FW
它,Nh
的,DE
引腳,Na
不,D
像,VG
前面,Ncd
的,DE
 DIP,FW
 ,FW
或,Caa
 ,FW
SO,FW
，,COMMACATEGORY
腳,Na
是,SHI
長,VH
在,P
 ,FW
IC,FW
 ,FW
的,DE
兩,Na
邊,Ncd
，,COMMACATEGORY
而是,Cbb
長,VH
在,P
 ,FW
IC,FW
 ,FW
的,DE
四,Neu
邊,Ncd
周圍,Nc
，,COMMACATEGORY
因此,Cbb
它,Nh
的,DE
腳數,Na
要,D
比,P
前,Nes
兩者,Na
來,VC
的,DE
稍微,D
多,VH
些,VH
，,SHI
常,D
用,VC
的,DE
腳數,Na
可以,D
從,P
 ,FW
20,Neu
 ,FW
～,FW
96,Neu
 ,FW
隻,Nf
腳,Na
不等,VH
，,SHI
引腳,VA
的,DE
外觀,Na
也,D
有,V_2
兩種,A
，,COMMACATEGORY
一,Neu
種,Nf
是,SHI
縮,VC
在,P
裡面,Ncd
，,COMMACATEGORY
從,P
外面,Ncd
看,VC
不到,VH
，,COMMACATEGORY
另,Nes
一,Neu
種,Nf
則,D
是,SHI
 ,Na
J,Na
 型,Na
引腳,Na
（,PARENTHESISCATEGORY
J-Lead,FW
）,PARENTHESISCATEGORY
，,PERIODCATEGORY
其,Nep
被,P
稱,VG
之,Nh
為,VG
 QFJ,FW
（,PARENTHESISCATEGORY
Quat Flat J-Lead Package,FW
）,PARENTHESISCATEGORY
。,PERIODCATEGORY
 ,FW
      ,PER
（,PARENTHESISCATEGORY
四,Neu
）,PARENTHESISCATEGORY
PGA,FW
（,PARENTHESISCATEGORY
Pin Grid Array,FW
）,PARENTHESISCATEGORY
       其,PER
引腳,Na
的,DE
外觀,Na
是,SHI
針狀,Na
的,T
，,COMMACATEGORY
因此,Cbb
它,Nh
跟,P
 DIP,FW
一樣,VH
也,D
是,SHI
用,P
插件,Na
的,DE
方式,Na
與,Caa
電路板,Na
結合,VC
，,SHI
由於,Cbb
連接,VC
方式,Na
較,Dfa
不方便,VH
，,SHI
因此,Cbb
隨,P
著,Di
 QFP,FW
的,DE
進步,Nv
，,SHI
有,V_2
些,Nf
原本,D
用,P
 PGA,ORG
封裝,Na
的,DE
 IC,FW
已經,D
轉往,VCL
 QFP,FW
發展,Nv
。,PERIODCATEGORY
（,PARENTHESISCATEGORY
五,Neu
）,PARENTHESISCATEGORY
QFP,FW
（,PARENTHESISCATEGORY
Quad Flat Package,FW
）,PARENTHESISCATEGORY
 ,FW
      QFP,ORG
 ,FW
是,SHI
一,Neu
種,Nf
高,VH
腳數,Na
、,PAUSECATEGORY
四邊,Ncd
引,VC
腳,Na
的,DE
包裝,Na
，,COMMACATEGORY
它,Nh
主導,VC
了,VG
大,VH
部份,Neqa
 ,FW
ASIC,FW
、,PAUSECATEGORY
邏輯,Na
 ,FW
IC,FW
 ,FW
以及,Caa
中低階,Na
的,DE
微,VH
元件,Na
的,DE
主要,A
包裝,Na
型態,Na
，,COMMACATEGORY
常,D
見,Na
的,DE
 ,FW
QFP,FW
 ,FW
變化型,Na
還,D
包括,D
有,V_2
 MQFP,ORG
（,PARENTHESISCATEGORY
Metric,FW
 QFP,ORG
）,PARENTHESISCATEGORY
、,PAUSECATEGORY
MQUAD,ORG
（,PARENTHESISCATEGORY
Metal QFP,ORG
）,PARENTHESISCATEGORY
、,PAUSECATEGORY
TQFP,FW
（,PARENTHESISCATEGORY
Thin QFP,FW
）,PARENTHESISCATEGORY
等,Cab
。,PERIODCATEGORY
事實,Na
上,Ng
，,COMMACATEGORY
不同,VH
的,DE
 IC,FW
產品,Na
，,COMMACATEGORY
應,D
其,Nep
功能,Na
 ,FW
I/O,FW
 數,Na
的,DE
需求,Na
及,Caa
散熱,VH
、,PAUSECATEGORY
按裝,Na
等,Cab
考量,Na
，,COMMACATEGORY
也,D
會,D
有,V_2
其,Nep
常,D
用,VC
搭配,VC
的,DE
包裝,Na
型式,Na
。,PERIODCATEGORY
在,P
下表,Na
中,Ng
我們,Nh
可以,D
看到,VE
邏輯性,Na
產品,Na
中,Ng
最,Dfa
主要,A
的,DE
包裝,Na
型態,Na
是,SHI
 SO,FW
 ,FW
及,Caa
 DIP,FW
；,SEMICOLONCATEGORY
在,P
非,A
揮發性,Na
的,DE
記憶體,Na
方面,Na
（,PARENTHESISCATEGORY
ROM,FW
、,PAUSECATEGORY
FLASH,FW
）,PARENTHESISCATEGORY
 ,FW
，,COMMACATEGORY
其,Nep
主要,A
的,DE
包裝,Na
型式,Na
是,SHI
 SO,FW
、,PAUSECATEGORY
DIP,FW
 ,FW
和,Caa
 LCC,FW
 ,FW
等,Cab
；,PERIODCATEGORY
而,Cbb
 DRAM,FW
則,D
是,SHI
以,P
 ,Na
SO,FW
包裝,Na
佔,VJ
九成,Neqa
上,Ncd
，,SHI
至於,P
 Microcompoent,FW
所,D
包括,VK
的,DE
產品,Na
最,Dfa
主要,A
的,DE
有,V_2
 MPU,ORG
、,PAUSECATEGORY
MCU,ORG
、,PAUSECATEGORY
MPR,FW
等,Cab
，,PERIODCATEGORY
其,Nep
最,Dfa
主要,A
的,DE
包裝,Na
型式,Na
為,VG
 PGA,ORG
、,PAUSECATEGORY
QFP,FW
等,Cab
。,PERIODCATEGORY
LOGIC N.V.MEMORY DRAM SRAM MICROCOMPONENT   DIP,ORG
 ,FW
37,Neu
%,Nf
 ,FW
36,Neu
%,Nf
 ,FW
0,Neu
%,Nf
 ,FW
55.8,Neu
%,Nf
 ,FW
13,Neu
%,Nf
 ,FW
  SO,ORG
 ,FW
52,Neu
%,Nf
 ,FW
61.3,Neu
%,Nf
 ,FW
96.5,Neu
%,Nf
 ,FW
33.3,Neu
%,Nf
 ,FW
24,Neu
%,Nf
   LCC,ORG
 ,FW
6,Neu
%,Nf
 ,FW
21.8,Neu
%,Nf
 ,FW
3.5,Neu
%,Nf
 ,FW
7.1,Neu
%,Nf
 ,FW
20,Neu
%,Nf
   PGA,ORG
 ,FW
0.16,Neu
%,Nf
 ,FW
0,Neu
%,Nf
 ,FW
0,Neu
%,Nf
 ,FW
0,Neu
%,Nf
 ,FW
3,Neu
%,Nf
 ,FW
  QFP,ORG
 ,FW
5,Neu
%,Nf
 ,FW
0,Neu
%,Nf
 ,FW
0,Neu
%,Nf
 ,FW
3.6,Neu
%,Nf
 ,FW
40,Neu
%,Nf
   BGA,ORG
 ,FW
0.14,Neu
%,Nf
 ,FW
0,Neu
%,Nf
%,Nf
 ,FW
0.3,Neu
%,Nf
 ,FW
0.37,Neu
%,Nf
 ,FW
 ,FW
 ,FW
總計,Da
 ,FW
100,Neu
%,Nf
 ,FW
100,Neu
%,Nf
 ,FW
100,Neu
%,Nf
 ,FW
100,Neu
%,Nf
 ,FW
100,Neu
%,Nf
 ,FW
 ,FW
 ,FW
 ,FW
 ,FW
 ,FW
 ,FW
 ,FW
 八,Nb
、,PAUSECATEGORY
半導體,Na
測試,Na
製程,Na
 ,FW
 ,FW
 ,FW
 ,FW
 ,FW
 ,FW
測試,Na
製程,Na
乃,D
是,SHI
於,P
 ,FW
IC,FW
 ,FW
封裝,Na
後,Ng
測試,Na
封裝,Na
完成,VC
的,DE
產品,Na
的,DE
電性,Na
功能,Na
，,SHI
以,P
保證,VC
出廠,VA
的,DE
 ,FW
IC,FW
 ,Na
，,SHI
在,P
功能,Na
上,Ncd
的,DE
完整性,Na
，,SHI
並,Cbb
對,P
已,D
測試,VC
的,DE
產品,Na
，,SHI
依,P
其,Nep
電性,Na
功能,Na
作,VC
分類,Na
（,PARENTHESISCATEGORY
即,D
分,VC
 ,Na
Bin,FW
）,PARENTHESISCATEGORY
，,PERIODCATEGORY
作為,VG
 ,FW
IC,FW
 ,FW
不,VJ
同,Nes
等級,Na
產品,Na
的,DE
評價,Na
依據,Na
；,PERIODCATEGORY
最後,Nd
並,D
對,P
產品,Na
作,VC
外觀,Na
檢驗,Nv
（,PARENTHESISCATEGORY
Inspect,FW
）,PARENTHESISCATEGORY
作業,Na
。,PERIODCATEGORY
電性,Na
功能,Na
測試,Na
乃,D
針對,P
產品,Na
的,DE
各,Nes
種,Nf
電性,Na
參數,Na
進行,VA
測試,Na
，,COMMACATEGORY
以,P
確定,VK
產品,Na
能,D
正常,VH
運作,VA
，,COMMACATEGORY
用於,P
測試,Na
的,DE
機台,Na
將,D
根據,P
產品,Na
不同,VH
的,DE
測試,Na
項目,Na
而,Cbb
載入,VC
不同,VH
的,DE
測試,Na
程式,Na
；,PERIODCATEGORY
而,Cbb
外觀,Na
檢驗,Nv
的,DE
項目,Na
繁多,VH
，,COMMACATEGORY
且,Cbb
視,P
不同,VH
的,DE
封裝,Na
型態,Na
而,Cbb
有所,VJ
不同,VH
，,COMMACATEGORY
包含,VJ
了引腳,Na
的,DE
各,Nes
項,Nf
性質,Na
、,PAUSECATEGORY
印字,Na
（,PARENTHESISCATEGORY
mark,FW
）,PARENTHESISCATEGORY
的,DE
清晰,VH
度,Na
及,Caa
膠體,Na
（,PARENTHESISCATEGORY
mold,FW
）,PARENTHESISCATEGORY
是,SHI
否,Nes
損傷,Na
等,Cab
項目,Na
。,PERIODCATEGORY
而,Cbb
隨,P
表面,Na
黏,VC
著,Di
技術,Na
的,DE
發展,Na
，,PERIODCATEGORY
為,P
確保,VE
封裝,Na
成品,Na
與,Caa
基版,Na
間,Ng
的,DE
準確,VH
定位,Na
及,Caa
完整,VH
密合,VH
，,COMMACATEGORY
封裝,Na
成品,Na
接腳,VA
的,DE
諸,FW
多,Neqa
項,Nf
性質,Na
的,DE
檢驗,Na
尤其,D
重要,VH
。,PERIODCATEGORY
下,Ncd
圖,Na
為,P
半導體,Na
產品,Na
測試,Na
的,DE
流程圖,Na
，,COMMACATEGORY
其,Nep
流程,Na
包括,VK
下面,Ncd
幾,Neu
道,Nf
作業,Na
：,COLONCATEGORY
          ,PER
（,PARENTHESISCATEGORY
一,Neu
）,PARENTHESISCATEGORY
上線,Na
備,VC
料,VC
 ,FW
 ,FW
    ,PER
 ,FW
上線,Na
備,D
料,VC
的,DE
用意,Na
是,SHI
將,P
預備,VC
要,VC
上線,Na
測試,Na
的,DE
待,P
測品,Na
，,COMMACATEGORY
從,P
上游,Nc
廠商,Na
送來,VA
的,DE
包箱,Na
內,Ncd
拆封,VA
，,COMMACATEGORY
並,Cbb
將,P
一顆顆,Neqa
的,DE
放,VC
在,P
一,Neu
個,Nf
標準,Na
容器,Na
（,PARENTHESISCATEGORY
幾十,Neu
顆,Nf
放,VC
一,Neu
盤,Nf
，,SHI
每,Nes
一,Neu
盤,Nf
可以,D
放,VC
的,DE
數量,Na
及,Caa
其,Nep
容器,Na
規格,Na
，,SHI
依,P
待,P
測品,Na
的,DE
外形,Na
而,Cbb
有,V_2
不同,VH
）,PARENTHESISCATEGORY
內,Ng
，,SHI
以,P
利,VC
在,P
上,Ncd
測試,Na
機台,Na
（,PARENTHESISCATEGORY
Tester,FW
）,PARENTHESISCATEGORY
時,Ng
，,COMMACATEGORY
待,P
測品,Na
在,P
分類機,Na
（,PARENTHESISCATEGORY
Handler,FW
）,PARENTHESISCATEGORY
內,Ncd
可以,D
將,D
待,P
測品,Na
定位,VA
，,COMMACATEGORY
而,Cbb
使,VL
其,Nep
內,Ncd
的,DE
自動化,VHC
機械,Na
機構,Nc
可以,D
自動,VH
的,DE
上,Ncd
下,Ncd
料,VC
。,PERIODCATEGORY
（,PARENTHESISCATEGORY
二,Neu
）,PARENTHESISCATEGORY
測試,Na
機台,Na
測試,Na
（,PARENTHESISCATEGORY
FT,FW
1,Neu
、,PAUSECATEGORY
FT,FW
2,Neu
、,PAUSECATEGORY
FT,FW
3,Neu
）,PARENTHESISCATEGORY
 ,FW
 ,FW
       ,PER
待,P
測品,Na
在,P
入庫,Nc
後,Ng
，,COMMACATEGORY
經過,VCL
入庫,Nc
檢驗,Nv
及,Caa
上線,Na
備,D
料,VC
後,Ng
，,COMMACATEGORY
再來,D
就是,Cbb
上,Ncd
測試,Na
機台,Na
去,VCL
測試,Na
；,PERIODCATEGORY
如,P
前述,Na
，,COMMACATEGORY
測試,Na
機台,Na
依,P
測試,Na
產品,Na
的,DE
電性,Na
功能,Na
種,VC
類,Na
可以,D
分為,VG
邏輯,Na
 ,FW
IC,FW
測試機,Na
、,PAUSECATEGORY
記憶體,Na
 ,FW
IC,FW
測試機,Na
及,Caa
混合式,Na
 ,Na
IC,FW
（,PARENTHESISCATEGORY
即,VG
同時,D
包含,VC
邏輯,Na
線路,Na
及,Caa
類比線路,Na
）,PARENTHESISCATEGORY
測試機,Na
三,Neu
種,Nf
，,PERIODCATEGORY
測試機,Na
的,DE
主要,A
功能,Na
在於,VK
發出,VC
待,P
測品,Na
所,D
需,VK
的,DE
電性,Na
訊號,Na
，,COMMACATEGORY
並,Cbb
接受,VC
待,VC
測品,Na
因此,Cbb
訊號,Na
後,Ng
所,D
回應,VC
的,DE
電性,Na
訊號,Na
，,COMMACATEGORY
並,Cbb
作出,VC
產品,Na
電性,Na
測試,Na
結果,Na
的,DE
判斷,Nv
，,COMMACATEGORY
當然,D
這些,Neqa
在,P
測試,Na
機台,Na
內,Ncd
的,DE
控制,Nv
細節,Na
，,COMMACATEGORY
均,D
是,SHI
由,P
針對,P
此,Nep
一,Neu
待,P
測品,Na
所,D
寫,VC
的,DE
測試,Na
程式,Na
（,PARENTHESISCATEGORY
Test Program,FW
）,PARENTHESISCATEGORY
來,Na
控制,VC
。,PERIODCATEGORY
 ,FW
 ,FW
 ,FW
 ,FW
 ,FW
 ,FW
即使,Cbb
是,SHI
同一,A
類,VC
的,DE
測試機,Na
，,COMMACATEGORY
因,Cbb
每,Nes
種,Nf
待,P
測品,Na
其,Nep
產品,Na
的,DE
電性,Na
特性,Na
及,Caa
測試,Na
機台,Na
測試,Na
能力,Na
限制,Na
而,Cbb
有,V_2
所,D
不同,VH
。,PERIODCATEGORY
一般,D
來,VC
說,VE
，,COMMACATEGORY
待,P
測品,Na
在,P
一,Neu
家,Nf
測試廠,Nc
中,Ng
，,COMMACATEGORY
會,D
有,V_2
許多,Neqa
適合,VH
此,Nep
種,Nf
產品,Na
電性,Na
特性,Na
的,DE
測試,Na
機台,Na
可,D
供,VF
其,Nep
選擇,Na
；,PERIODCATEGORY
除,P
了,Nb
測試,Na
機台,Na
外,Ng
，,COMMACATEGORY
待,P
測品,Na
要,D
完成,VC
電性,Na
測試,Na
還,D
需要,VK
一些,Neqa
測試,Na
配件,Na
：,FW
 ,FW
 ,FW
 ,FW
 ,FW
 ,FW
 ,FW
 ,FW
 ,FW
 ,FW
（,PARENTHESISCATEGORY
1,Neu
）,PARENTHESISCATEGORY
分類機,Na
（,PARENTHESISCATEGORY
Handler,FW
）,PARENTHESISCATEGORY
      ,PER
承載,VC
待,P
測品,Na
進行,VA
測試,VA
的,DE
自動化,Na
機械,Na
結構,Na
，,SHI
其內,Ncd
有,V_2
機械,Na
機構,Na
將,P
待,P
測品,Na
一,Neu
顆顆,Neqa
從,P
標準,Na
容器,Na
內,Ncd
自動,VH
的,DE
送到,VC
測試,Na
機台,Na
的,DE
測試頭,Na
（,PARENTHESISCATEGORY
Test Head,FW
）,PARENTHESISCATEGORY
上,Ncd
接受,VC
測試,Na
，,COMMACATEGORY
測試,Na
的,DE
結果,Na
會,D
從,P
測試,Na
機台,Na
內,Ncd
傳到,VC
分類機,Na
內,Ncd
，,COMMACATEGORY
分類,VC
機會,Na
依,P
其,Nep
每,Nes
顆,Nf
待,P
測品,Na
的,DE
電性,Na
測試,Na
結果,Na
來,D
作,VC
分,VC
類,VC
（,PARENTHESISCATEGORY
此,Nep
即,VG
產品,Na
分,VC
 ,FW
Bin,FW
）,PARENTHESISCATEGORY
的,DE
過程,Na
；,PERIODCATEGORY
此外,Cbb
分,VC
類機,Na
內,Ncd
有,V_2
升溫,Nv
裝置,Na
，,COMMACATEGORY
以,P
提供,VD
待,P
測品,Na
在,P
測試,Na
時,Ng
所,D
需,D
測試,Na
溫度,Na
的,DE
測試,Na
環境,Na
，,COMMACATEGORY
而,Cbb
分,VC
類機,Na
的,DE
降溫,Na
則,D
一般,D
是,SHI
靠,P
氮氣,Na
，,COMMACATEGORY
以,P
達到,VJ
快速,VH
降溫,VH
的,DE
目的,Na
。,PERIODCATEGORY
 ,FW
     ,PER
  ,Na
不同,VH
的,DE
 Handler,FW
、,PAUSECATEGORY
測試,Na
機台,Na
及,Caa
待,P
測品,Na
的,DE
搭配,VC
下,Ng
，,SHI
其,Nep
測試,Na
效果,Na
會,D
有,V_2
所,Nf
不同,VH
。,PERIODCATEGORY
測試,Na
機台,Na
一般,D
會,D
有,V_2
很多,Neqa
個,Nf
測試頭,Na
（,PARENTHESISCATEGORY
Test Head,FW
）,PARENTHESISCATEGORY
，,COMMACATEGORY
其,Nep
個,Nf
數,Na
視,P
測試,Na
機台,Na
的,DE
機型,Na
規格,Na
而,Cbb
定,VC
，,COMMACATEGORY
而,Cbb
每,Nes
個,Nf
測試,Na
頭,Na
可以,D
同時,Nd
接上,VC
一,Neu
部,Nf
以上,Ng
的,DE
分類機,Na
或,Caa
針測機,Na
，,COMMACATEGORY
因此,Cbb
一,Neu
部,Nf
測試,Na
機台,Na
可以,D
同時,Nd
的,DE
與,Caa
多,Neqa
台,Nf
的,DE
分類機,Na
及,Caa
針測機,Na
相連,VH
，,COMMACATEGORY
而,Cbb
其,Nep
連接,VH
的,DE
方式,Na
可,D
分為,VG
平行,VA
處理,VA
及,Caa
乒乓,Na
處理,Na
，,SHI
前者,Nh
指,VC
的,DE
是,SHI
在,P
同,Nes
一,Neu
測試,Na
機台,Na
上,Ng
，,SHI
有,V_2
多,Neqa
台,Nf
分類機,Na
以,P
相同,VH
的,DE
測試,Na
程式,Na
測試,Na
同,Nes
一,Neu
批,Nf
待,VC
測品,Na
，,PERIODCATEGORY
而後,Cbb
者,Na
是,SHI
在,P
同,Nes
一,Neu
測試,Na
機台,Na
上,Ng
，,SHI
有,V_2
多,Neqa
台,Nf
分類機,Na
以,P
不同,VH
的,DE
測試,Na
程式,Na
同時,Nd
進行,VA
不同,VH
批待,VC
測品,Na
的,DE
測試,Na
。,PERIODCATEGORY
（,PARENTHESISCATEGORY
2,Neu
）,PARENTHESISCATEGORY
測試,Na
程式,Na
（,PARENTHESISCATEGORY
Test Program,FW
）,PARENTHESISCATEGORY
        ,PER
每,Nes
批,Nf
待,P
測,VC
產品,Na
都,D
有,V_2
在,P
每,Nes
個,Nf
不同,VH
的,DE
測試,Na
階段,Na
（,PARENTHESISCATEGORY
FT,FW
1,Neu
、,PAUSECATEGORY
FT,FW
2,Neu
、,PAUSECATEGORY
FT,FW
3,Neu
）,PARENTHESISCATEGORY
，,COMMACATEGORY
如果,Cbb
要,D
上,Ncd
測試,Na
機台,Na
測試,Na
，,COMMACATEGORY
都,P
需要,VK
不同,VH
的,DE
測試,Na
程式,Na
，,COMMACATEGORY
不同,VH
品牌,Na
的,DE
測試,Na
機台,Na
，,COMMACATEGORY
其,Nep
測試,Na
程式,Na
的,DE
語法,Na
並,D
不,D
相同,VH
，,SHI
因此,Cbb
，,SHI
即使,Cbb
此,Nep
測試,Na
機台,Na
有,V_2
能,D
力,VC
測試,Na
某,D
待,VC
測品,Na
，,COMMACATEGORY
但,Cbb
卻,D
缺少,VJ
測試,Na
程式,Na
，,COMMACATEGORY
還是,D
沒有,D
用,VC
；,PERIODCATEGORY
一般,Cbb
而言,VE
，,COMMACATEGORY
因為,Cbb
測試,Na
程式,Na
的,DE
內容,Na
與,Caa
待,VC
測品,Na
的,DE
電性,Na
特性,Na
息息相關,VH
，,COMMACATEGORY
所以,Cbb
大多,Neqa
是,SHI
客戶,Na
提供,VD
的,T
。,PERIODCATEGORY
（,PARENTHESISCATEGORY
3,Neu
）,PARENTHESISCATEGORY
測試,Na
機台,Na
介面,Na
      ,PER
這,Nep
是,SHI
一,Neu
個,Nf
要,D
將,P
待,P
測品,Na
接腳,VA
上,Ncd
的,DE
訊號,Na
，,COMMACATEGORY
連,Na
接上,VC
測試,Na
機台,Na
的,DE
測試頭,Na
上,Ncd
的,DE
訊號,Na
傳送,VC
接點,Na
的,DE
一,Neu
個,Nf
轉換,Nv
介面,Na
，,COMMACATEGORY
此,Nep
轉換,VC
介面,Na
，,COMMACATEGORY
依待,P
測品,Na
的,DE
電性,Na
特性,Na
及,Caa
外形,Na
接腳數,Na
的,DE
不同,Na
而,Cbb
有,V_2
很多,Neqa
種,Nf
類,Na
，,COMMACATEGORY
如,P
：,COLONCATEGORY
Hi-Fix,FW
（,PARENTHESISCATEGORY
記憶體,Na
類,VC
產品,Na
）,PARENTHESISCATEGORY
、,PAUSECATEGORY
Fixture,FW
 Board,FW
（,PARENTHESISCATEGORY
邏,FW
輯,VC
類,VC
產品,Na
）,PARENTHESISCATEGORY
、,PAUSECATEGORY
Load,FW
 Board,FW
（,PARENTHESISCATEGORY
邏輯,Na
類,VC
產品,Na
）,PARENTHESISCATEGORY
、,PAUSECATEGORY
Adopt Board,FW
 +,FW
 DUT,FW
 Board,FW
（,PARENTHESISCATEGORY
邏,FW
輯類,Na
產品,Na
）,PARENTHESISCATEGORY
、,PAUSECATEGORY
Socket,FW
（,PARENTHESISCATEGORY
接腳器,Na
，,COMMACATEGORY
依待,P
測品,Na
其,Nep
接腳,VA
的,DE
分佈,Nv
位置,Na
及,Caa
腳數,Na
而,Cbb
有所,VJ
不同,VH
）,PARENTHESISCATEGORY
。,PERIODCATEGORY
 ,FW
      ,PER
每,Nes
批,Nf
待,VC
測品,Na
在,P
測試,Na
機台,Na
的,DE
測試,Na
次數,Na
並,D
不,D
相同,VH
，,COMMACATEGORY
這,Nep
完全,D
要,D
看,VC
客戶,Na
的,DE
要求,Na
，,COMMACATEGORY
一般,D
而言,VE
，,COMMACATEGORY
邏輯性,Na
的,DE
產品,Na
，,COMMACATEGORY
只,Da
需,D
上,Ncd
測試,Na
機台,Na
一,Neu
次,Nf
（,PARENTHESISCATEGORY
即,VG
 ,FW
FT,FW
2,Neu
）,PARENTHESISCATEGORY
而,Cbb
不,D
用,VC
 ,FW
FT,FW
1,Neu
 ,FW
、,PAUSECATEGORY
FT,FW
3,Neu
，,SHI
如果,Cbb
為,P
記憶體,Na
 ,Ncd
IC,FW
，,SHI
則,D
會,D
經過,VCL
二,Neu
至,Caa
三,Neu
次,Nf
的,DE
測試,Na
，,SHI
而,Cbb
每,Nes
次,Nf
的,DE
測試,Na
環境,Na
溫度,Na
要求,Na
會,D
有,V_2
些,Nf
不同,VH
。,PERIODCATEGORY
測試,Na
環境,Na
的,DE
溫度,Na
選擇,Na
，,COMMACATEGORY
有,V_2
三,Neu
種,Nf
選擇,Na
，,COMMACATEGORY
即,D
高溫,Na
、,PAUSECATEGORY
常溫,Na
及,Caa
低溫,Na
，,COMMACATEGORY
而,Cbb
溫度,Na
的,DE
度數,Na
有時,VH
客戶,Na
也,D
會,D
要求,Na
，,COMMACATEGORY
升溫,VH
比,P
降,VC
溫耗,Nv
時,Ng
許多,Neqa
，,COMMACATEGORY
至於,P
那,Nep
一,Neu
道,Nf
要,D
用,P
什,FW
麼,VC
溫度,Na
，,COMMACATEGORY
這,Nep
也,D
視,P
不同,VH
客戶,Na
的,DE
不同,VH
待,VC
測品,Na
而,Cbb
有所,VJ
不同,VH
。,PERIODCATEGORY
 ,FW
 ,FW
    ,PER
 ,FW
 ,FW
 ,FW
每,Nes
次,Nf
測試,Na
完,VH
，,SHI
都,D
會,D
有,V_2
測試,Na
結果,Na
報告,Na
，,SHI
若,D
測試,Na
結果,Na
不佳,VH
，,SHI
則,D
可能,D
會,D
 ,P
Hold,FW
 住本,PER
批待,Na
測品,Na
的,DE
現象,Na
產生,VHC
。,PERIODCATEGORY
（,PARENTHESISCATEGORY
三,Neu
）,PARENTHESISCATEGORY
預燒,VC
爐,FW
（,PARENTHESISCATEGORY
Burn-In Oven,FW
）,PARENTHESISCATEGORY
（,PARENTHESISCATEGORY
測試,Na
記憶體,Na
 ,FW
IC,FW
才,Da
有,V_2
此,Nep
程序,Na
）,PARENTHESISCATEGORY
 ,FW
 ,FW
 ,FW
 ,FW
 ,FW
 ,FW
 ,FW
在,P
測試,Na
記憶體性,Na
產品,Na
時,Ng
，,COMMACATEGORY
在,P
 ,FW
FT,FW
1,Neu
 ,FW
之後,Ng
，,COMMACATEGORY
待,P
測品,Na
都,Na
會,D
上,Ncd
預燒,VC
爐,FW
裡,FW
去,VCL
 Burn ,FW
In,FW
，,COMMACATEGORY
其,Nep
目的,Na
在於,VL
提供,VD
待,P
測品,Na
一,Neu
個,Nf
高溫,Na
、,PAUSECATEGORY
高,VH
電壓,Na
、,PAUSECATEGORY
高,VH
電流,Na
的,DE
環境,Na
，,SHI
使,VL
生命,Na
週期,Na
較,Dfa
短,VH
的,DE
待,P
測品,Na
在,P
 Burn ,ORG
In,FW
 ,Na
的,DE
過程,Na
中,Ng
提早,VH
的,DE
顯現出來,VH
，,COMMACATEGORY
在,P
 Burn In,FW
後,Ng
必須,D
在,P
 ,FW
96,Neu
個,Nf
小時,Na
內,Ng
，,COMMACATEGORY
待,P
測品,Na
 ,FW
Burn In,FW
物理,Na
特性,Na
未,D
消退,VH
之前,Ng
完成,VC
後續,A
測試,Na
機台,Na
測試,Nv
的,DE
流程,Na
，,COMMACATEGORY
否則,Cbb
就,D
要,D
將,P
待,P
測品,Na
重回,VC
預燒,VC
爐,FW
去,D
重新,D
 Burn In,PER
。,PERIODCATEGORY
在,P
此,Nep
會,D
用到,VC
的,DE
配件,Na
，,COMMACATEGORY
包括,VK
 Burn-In Board,FW
及,Caa
 Burn In Socket,PER
..,ETCCATEGORY
等,Cab
。,PERIODCATEGORY
（,PARENTHESISCATEGORY
四,Neu
）,PARENTHESISCATEGORY
電性,Na
抽測,VC
 ,FW
        ,PER
在,P
每,Nes
一,Neu
道,Nf
機台,Na
測試,Na
後,Ng
，,COMMACATEGORY
都,Na
會,D
有,V_2
一,Neu
個,Nf
電性,Na
抽測,VC
的,DE
動作,Na
（,PARENTHESISCATEGORY
俗稱,VG
 ,FW
QC,FW
 ,FW
或,Caa
 ,FW
Q,FW
 ,FW
貨,Na
）,PARENTHESISCATEGORY
，,COMMACATEGORY
此,Nep
作業,Na
的,DE
目的,Na
在,P
將,P
此,Nep
完成,VC
測試,Na
機台,Na
測試,Na
的,DE
待,P
測品,Na
抽出,VC
一定,A
數量,Na
，,COMMACATEGORY
重回,VC
測試,Na
機台,Na
在,P
測試,Na
程式,Na
、,PAUSECATEGORY
測試,Na
機台,Na
、,PAUSECATEGORY
測試,Na
溫度,Na
都,D
不變,VH
下,Ng
，,SHI
看,VC
其,Nep
測試,Na
結果,Na
是,SHI
否,D
與,P
之前,Ng
上,Ncd
測試,Na
機台,Na
的,DE
測試,Na
結果,Na
相,D
一致,VH
，,SHI
若,D
不一致,VH
，,SHI
則,D
有,V_2
可能,D
是,SHI
測試,Na
機台,Na
故障,Na
、,PAUSECATEGORY
測試,Na
程式,Na
有,V_2
問題,Na
、,PAUSECATEGORY
測試,Na
配件,Na
損壞,Nv
、,PAUSECATEGORY
測試,Na
過程,Na
有,V_2
瑕疵,Na
..,ETCCATEGORY
等,Cab
原因,Na
。,PERIODCATEGORY
原因,Na
小者,Na
，,COMMACATEGORY
則,D
需,D
回,VCL
測試機台,Na
重測,VC
；,COMMACATEGORY
原因,Na
大者,Na
，,COMMACATEGORY
將,D
能,D
將,P
此,Nep
批待,VC
測品,Na
 ,FW
Hold,FW
 ,FW
住,VC
，,COMMACATEGORY
等待,VK
工程師,Na
、,PAUSECATEGORY
生管,Na
人員,Na
與,Caa
客戶,Na
協調,VC
後,Ng
再,D
作,VC
決策,Na
。,PERIODCATEGORY
 ,FW
 ,FW
     ,PER
（,PARENTHESISCATEGORY
五,Neu
）,PARENTHESISCATEGORY
標籤,Na
掃描,Nv
（,PARENTHESISCATEGORY
Mark,FW
 Scan,FW
）,PARENTHESISCATEGORY
       ,PER
利用,VC
機械,Na
視覺,Na
設備,VC
對待,VC
測品,Na
的,DE
產品,Na
上,Ncd
的,DE
產品,Na
 ,FW
Mark,FW
 作,VC
檢測,Nv
，,SHI
內容,Na
包括,VK
 Mark,FW
 ,FW
的,DE
位置,Na
歪斜度,Na
及,Caa
內容,Na
的,DE
清晰,VH
度,Na
.,PERIODCATEGORY
.,PERIODCATEGORY
等,VC
。,PERIODCATEGORY
（,PARENTHESISCATEGORY
六,FW
）,PARENTHESISCATEGORY
人工,Na
檢腳,Na
或,Caa
機器,Na
檢腳,Na
 ,FW
     ,PER
 ,FW
檢驗,Nv
待,P
測品,Na
 ,FW
IC,FW
的,DE
接腳,Na
的,DE
對稱性,Na
、,PAUSECATEGORY
平整性,Na
及,Caa
共面度,Na
等,Cab
，,COMMACATEGORY
這,Nep
部份,Neqa
作業,Na
有時,D
會,D
利用,VC
雷射,Na
掃描,VC
的,DE
方式,Na
來,VC
進行,VA
，,COMMACATEGORY
也,D
會,D
有,V_2
些,Nf
利用人力,Na
來,VC
作,VC
檢驗,Nv
。,PERIODCATEGORY
 ,FW
      ,PER
（,PARENTHESISCATEGORY
七,Neu
）,PARENTHESISCATEGORY
檢腳,Na
抽檢,Nv
與,Caa
彎腳,Na
修整,VC
 ,FW
      ,PER
對於,P
彎腳品,Na
，,SHI
會,D
進行,VA
彎腳品,Na
的,DE
修復,Na
作業,Na
，,SHI
然後,D
再,D
利用,VC
人工,Na
進行,VA
檢腳,VA
的,DE
抽驗,Nv
。,PERIODCATEGORY
（,PARENTHESISCATEGORY
八,Neu
）,PARENTHESISCATEGORY
加溫,Nb
烘烤,VC
（,PARENTHESISCATEGORY
Baking,FW
）,PARENTHESISCATEGORY
 ,FW
     ,PER
 ,FW
在,P
所有,Neqa
測試,Na
及,Caa
檢驗,Nv
流程,Na
之後,Ng
，,COMMACATEGORY
產品,Na
必需,D
進,VC
烘烤,VC
爐,FW
中,Ng
進行,VA
烘烤,VC
，,COMMACATEGORY
將,D
待,P
測品,Na
上,Ncd
水氣,Na
烘乾,VC
，,COMMACATEGORY
使,VL
產品,Na
在,P
送,VD
至,P
客戶,Na
手,Na
中,Ng
之前,Ng
，,COMMACATEGORY
不,D
會,D
因,P
水氣,Na
的,DE
腐蝕,Na
而,Cbb
影響,VC
待,P
測品,Na
的,DE
品質,Na
。,PERIODCATEGORY
 ,FW
 ,FW
 ,FW
 ,FW
 ,FW
  ,Na
（,PARENTHESISCATEGORY
九,Neu
）,PARENTHESISCATEGORY
包裝,Na
（,PARENTHESISCATEGORY
Packing,FW
）,PARENTHESISCATEGORY
 ,Na
    ,PER
 ,Na
 ,FW
將,P
待,P
測品,Na
依,P
其,Nep
客戶,Na
的,DE
指示,Na
，,SHI
將,P
原,D
來,D
在,P
標準,Na
容器,Na
內,Ncd
的,DE
待,P
測品,Na
的,DE
分類,Na
包裝成,VG
客戶,Na
所,D
指定,VE
的,DE
包裝,Na
容器,Na
內,Ng
，,COMMACATEGORY
並,D
作,VC
必要,VH
的,DE
包裝,Na
容器,Na
上,Ncd
的,DE
商標,Na
粘貼,VC
等,Cab
。,PERIODCATEGORY
（,PARENTHESISCATEGORY
十,Neu
）,PARENTHESISCATEGORY
出貨,VA
的,DE
運送,Nv
作業,Na
       ,PER
由於,Cbb
最終,A
測試,Na
是,SHI
半導體,Na
 ,FW
IC,FW
製程,Na
的,DE
最後,Nd
一,Neu
站,VA
，,COMMACATEGORY
所以,Cbb
許多,Neqa
客戶,Na
就,D
把,P
測試,Na
廠,Nc
當作,VG
他們,Nh
的,DE
成品,Na
倉庫,Na
，,COMMACATEGORY
以,P
避免,VE
自身,Nh
工廠,Nc
的,DE
成品,Na
存放,VC
的,DE
管理,Na
，,COMMACATEGORY
另,Nes
一,Neu
方面,Ncd
也,D
減少,VHC
不,VJ
必要,VH
的,DE
成品,Na
搬運,VC
成本,Na
，,COMMACATEGORY
因此,Cbb
針對,P
客戶,Na
的,DE
要求,Na
，,SHI
測試廠,Nc
也,D
提供,VD
所謂,VJ
的,DE
「,PARENTHESISCATEGORY
Door to Door,FW
」,PARENTHESISCATEGORY
的,DE
服務,Nv
，,SHI
即,D
幫助,VC
客戶,Na
將,P
測試完,VC
成品,Na
送至,VC
客戶,Na
指定,VC
的,DE
地方,Na
（,PARENTHESISCATEGORY
包括,VK
客戶,Na
的,DE
產品,Na
買家,Na
）,PARENTHESISCATEGORY
，,COMMACATEGORY
有,V_2
些,Nf
客戶,Na
指,VC
的,DE
地點,Na
在,P
海外,Nc
者,Na
，,COMMACATEGORY
便,D
需要,VH
考慮,VE
船期,Na
的,DE
安排,Nv
，,COMMACATEGORY
如果,Cbb
在,P
國內者,Na
，,COMMACATEGORY
則,D
要,D
考慮,VE
貨運,Na
的,DE
安排,Nv
事宜,Na
。,PERIODCATEGORY
