Entity,EntityIndex,Relation,RelationIndex
"['SiPM', '陽光條件下', '距離', '時', '訊噪', '性能']","[0, 7, 10, 13, 18, 20]","['明亮', '進行', '長', '測', '提供', '佳']","[3, 8, 9, 11, 14, 16]"
"['其他優勢', '電源偏置', '溫度變化敏感性']","[1, 7, 14]","['包括', '低', '低']","[2, 4, 10]"
['其他感知模式互補'],[5],"['通過', '提供', '冗餘']","[0, 7, 8]"
"['安森美半導體汽車感測部門', '總監', '', '解析度深度數據', '挑戰的微光條件下', '地識別物體']","[3, 5, 11, 15, 23, 28]","['資深', '表示', '提供', '高', '充滿', '準確']","[4, 7, 10, 12, 18, 25]"
['距離、高性價比的LiDAR方案'],[9],"['提供', '遠']","[1, 2]"
"['多樣化', '感知模式']","[1, 6]","['提供', '互補']","[0, 3]"
"['符合車規', '性能水準的感測器']","[2, 9]","['生產', '具有', '足夠']","[0, 4, 5]"
"['半導體全製程', '晶圓', '出廠']","[2, 6, 8]","['介紹', '到']","[3, 7]"
"['晶片', '2020-03', '30', '技術工程師', '發表于資訊晶圓處理', '基本晶圓', '步驟通常是晶圓', '經過', '清洗']","[3, 10, 12, 15, 21, 25, 30, 32, 35]","['看完', '知道', '製造', '有', '困難', '製程', '先', '適當']","[0, 2, 4, 5, 7, 22, 31, 33]"
"['CVP', '方式', '二氧化矽上']","[0, 3, 10]","['沈積', '長成']","[4, 7]"
"['製程', '此']","[0, 3]",['進行'],[1]
"['每一道步驟', '後', '一些電性', '物理特性']","[5, 8, 14, 17]","['加工', '完', '進行', '量測']","[6, 7, 11, 18]"
"['最後', '產品', '電性測試區作電性量測']","[0, 5, 12]","['加工', '完成', '送到']","[2, 3, 8]"
"['FAB廠內', '四大區', '黃光本區的作用', '照相', '技術']","[2, 7, 14, 17, 21]","['分為', '在於', '利用', '顯微', '縮小']","[5, 15, 16, 18, 19]"
['感光劑'],[2],"['採用', '易', '曝光']","[1, 3, 4]"
"['2', '蝕刻', '我們', '電路圖']","[0, 2, 7, 11]","['經過', '定義', '出', '需要']","[3, 5, 6, 9]"
"['空區中', '一站', '晶圓', '區']","[3, 6, 8, 11]","['真', '有', '稱為', '收']","[1, 4, 7, 10]"
"['某一電性量測值的變異判斷某一道', '製程', '任何']","[10, 12, 15]","['相關', '發生', '異常']","[11, 14, 16]"
"['以下', '所有晶柱', '製程', '介紹']","[0, 4, 6, 8]","['長成', '做']","[5, 7]"
"['功率', '過程', '時']","[1, 7, 9]","['低', '融化', '費', '久']","[3, 5, 8, 11]"
"['晶體', '', '變化的調整來', '晶棒直徑']","[0, 4, 9, 15]","['成長', '拉速', '固定', '']","[1, 3, 12, 13]"
"['晶棒', '階段的拉速']","[2, 6]","['成長', '降低']","[3, 10]"
"['尾部', '晶體', '長度後']","[0, 3, 9]","['成長', '成長', '固定']","[1, 4, 6]"
"['以下', '晶柱的後', '製程', '介紹']","[0, 5, 7, 9]","['處理', '做']","[6, 8]"
"['半導體', '中']","[4, 6]",['製成'],[5]
"['蝕刻', '前述', '後']","[0, 3, 6]","['加工', '製程']","[4, 5]"
"['表面', '應力', '一層損傷層']","[0, 3, 8]","['加工', '形成']","[2, 5]"
"['製程', '邊緣', '表面', '兩種邊緣']","[1, 4, 7, 11]","['區分為', '拋光', '拋光', '拋光']","[3, 5, 8, 12]"
"['晶圓', '機械強度']","[2, 8]","['使', '具備', '佳']","[1, 3, 5]"
"['設備', '技術層面']","[3, 7]","['需要', '昂貴', '高']","[1, 4, 9]"
"['晶圓', '（Chip Probing']","[0, 3]",[],[]
"['不良品', '成本']","[3, 6]","['避免', '增加', '製造']","[1, 4, 5]"
"['半導體', '中']","[0, 2]",[],[]
"['製程', '測試配件']","[1, 7]","['針測', '換上', '不同']","[0, 3, 4]"
"['測試的服務', '晶片測試的訂單']","[5, 11]","['提供', '接受']","[1, 7]"
"['其流程', '下面幾道作業：晶圓針測並作', '測', '目', '測試', '一顆晶粒的電氣特性']","[1, 11, 16, 18, 20, 29]","['包括', '產品', '晶圓針', '是']","[2, 12, 14, 19]"
"['良率的高低', '晶圓', '過程']","[3, 7, 10]","['判', ' 斷', '製造', '有誤']","[5, 6, 8, 12]"
"['良品率', '時', '晶圓', '過程一切']","[0, 2, 4, 7]","['高', '表示', '製造', '正常']","[1, 3, 5, 8]"
"['晶圓', '過程中']","[2, 6]","['表示', '製造']","[0, 3]"
"['產品', '其電性功能', '分類']","[5, 9, 11]","['測試', '作']","[3, 10]"
"['最後', '產品', '外觀檢驗作業']","[0, 3, 7]",['作'],[4]
"['測試之機台', '產品', '測試項目', '測試程序']","[3, 6, 10, 16]","['不同', '加載', '不同']","[7, 12, 13]"
"['表面', '技術的發展']","[2, 7]",['黏'],[3]
"['測品', '分類機內', '測品']","[1, 4, 8]",['定位'],[9]
"['測試機台', '測試產品的電性功能種類', '邏輯IC測試機', 'IC測試機及混合式IC測試機三種']","[1, 8, 14, 23]","['分為', '內存']","[10, 15]"
"['測試機的主要功能', '測品', '電性訊號', '測品', '訊號後', '電性訊號', '產品電性測試結果的判斷']","[3, 7, 12, 16, 19, 24, 32]","['在於', '發出', '需', '接受', '待', '響應', '作出']","[4, 5, 9, 14, 15, 21, 26]"
"['此一', '測品', '測試程序']","[5, 7, 12]","['寫', '控制']","[9, 14]"
"['測品', '一家測試廠中']","[1, 6]",[],[]
"['測品', '電性測試', '一些測試配件：     A', '承載', '測試的自動化機械結構']","[1, 5, 12, 15, 23]","['完成', '需要', '測品', '']","[3, 7, 17, 20]"
"['測品', '測試時所', '溫度的測試環境']","[3, 7, 13]",['提供'],[1]
"['方式', '處理']","[4, 9]","['連接', '分為', '平行']","[2, 7, 8]"
"['大多', '客戶', '']","[1, 3, 5]",['提供'],[4]
"['每批', '測品', '測試機台的測試次數']","[1, 3, 9]","['待', '相同']","[2, 12]"
"['溫度的度數', '客戶', '要求']","[2, 4, 7]",[],[]
"['這', '客戶', '測品', '所']","[0, 5, 8, 11]","['不同', '不同', '待', '有', '不同']","[3, 6, 7, 10, 12]"
"['測品', '上預燒爐里', 'Burn In']","[1, 5, 7]",[],[]
"['其目', '測品一個高溫', '電壓', '電流的環境']","[1, 9, 12, 16]","['在於', '提供', '高', '高']","[2, 3, 10, 13]"
"['生命周期', '', '測品', '過程中', '']","[2, 5, 7, 12, 14]","['使', '短', '待', '提早', '顯現', '出來']","[0, 4, 6, 13, 15, 16]"
"['測品', '回預燒爐', 'Burn In']","[5, 8, 11]",['種'],[6]
"['此作業的目', '此', '測試機台測試', '測品', '數量']","[3, 6, 11, 13, 16]","['完成', '抽出']","[7, 14]"
"['內容', ' Mark的位置歪斜度及內容的清晰度']","[0, 9]","['包括', '等']","[1, 11]"
"['人工', '機器', '測品', '接腳的', '平整性及共面度']","[0, 3, 6, 10, 15]","['檢腳', '檢腳', 'IC', '對稱性']","[1, 4, 7, 11]"
"['產品', '烘烤爐中', '烘烤']","[0, 4, 6]","['進', '進行']","[2, 5]"
"['產品', '客戶手中之前', '水氣的腐蝕', '測品的質量']","[1, 7, 12, 17]","['使', '送至', '影響待']","[0, 3, 14]"
"['標準容器內的待測品的分類', '客戶', '包裝容器內']","[9, 11, 17]","['包裝成', '指定']","[10, 13]"
"['測試廠', '', 'Door to Door', '服務']","[0, 4, 6, 9]","['提供', '所謂']","[2, 3]"
"['客戶', '成品', '客戶', '地方']","[2, 5, 7, 10]","['幫助', '測試完', '送至', '指定']","[1, 4, 6, 8]"
"['表面', '型']","[3, 6]","['為', '黏']","[2, 4]"
"['外觀及', '應用', '下圖構裝', '構裝名稱常見應用產品', ',ROM,', ' EPROM', '敘述如下', 'DIP它的引腳', '長', 'IC的兩']","[3, 5, 9, 15, 19, 53, 65, 70, 72, 76]","['常見', '相關', '請見', '     Single In-Line Package(SIP) Power Transistor      Dual In-Line Package(DIP) SRAM', '：']","[0, 4, 6, 16, 66]"
"['另一種', '表面', '技術的構裝方式']","[3, 6, 12]","['有別於', '適用', '黏']","[0, 4, 7]"
"['SO系列型態', '', '', '', '', 'MSOP']","[2, 6, 8, 11, 13, 16]","['包括', '有']","[3, 4]"
"['Microcompoent', '產品', '', 'MPU、MCU、MPR']","[1, 5, 8, 14]","['包括', '主要', '有']","[3, 7, 9]"
"['大量', '表面', '技術之需求']","[1, 7, 11]","['適合', '生產', '滿足', '黏著']","[0, 2, 6, 8]"
"['/', '腳數']","[5, 7]","['提供', '高', '輸出']","[2, 3, 4]"
"['CPU、航天、軍事', '產品', '陶瓷構裝之必要性']","[5, 7, 14]","['有', '使用']","[9, 10]"
"['此技術', '晶片', '導線架上']","[1, 4, 8]",['固定'],[5]
"['打線', '技術', '挑戰']","[0, 2, 5]","['接合', '受到']","[1, 4]"
"['之', '機具、設備及', '技術']","[3, 10, 12]","['配合', '相關', '成熟']","[5, 11, 16]"
"['短期內', '技術', '乎', '技術所']","[2, 5, 7, 15]","['打線', '接合', '似', '容易', '為']","[3, 4, 6, 11, 12]"
"['晶片', '高分子卷帶上的金屬電路']","[4, 11]",['連接'],[13]
"['卷帶式', '厚度', '接腳間距', '/入接腳數', '優點']","[0, 4, 8, 16, 18]","['自動', '接合', '具有', '薄', '小', '提供', '高', '輸出']","[1, 2, 3, 5, 9, 12, 13, 14]"
"['電子', '技術']","[1, 4]","['製造', '發展', '演進']","[2, 6, 7]"
"['構裝之目', '四種：', '傳送', '熱', '保護', '產品', '以「電」為能源']","[3, 9, 11, 15, 18, 21, 28]","['有', '訊號', '', '電路', '所有', '皆']","[5, 12, 15, 17, 19, 22]"
"['IC構', '晶片', '機械強度及', '保護']","[1, 6, 13, 16]","['裝除', '易碎', '提供', '足夠', '適當']","[2, 4, 7, 9, 14]"
"['IC產品', '外表', '使用者', '使用及', '操作環境']","[4, 9, 12, 18, 22]","['具有', '優雅', '美觀', '為', '提供', '安全', '簡便']","[5, 6, 7, 11, 13, 15, 19]"
"['晶片', '機上']","[3, 6]","['送至', '切割', '進行', '切割']","[2, 4, 7, 8]"
"['檢驗晶片切割之目的為', '前製程', '晶圓', '檢驗之目的為確定構裝完成之', '是否', '使用']","[5, 8, 12, 23, 25, 27]","['將', '上', '一顆顆', '', '產品', '合於']","[6, 13, 14, 23, 24, 26]"
"['其中項目', '外引腳之平整性、共面度、腳距、印字是', '', '是', '等的外觀檢驗']","[1, 14, 17, 19, 26]","['包括', '', '損傷']","[2, 17, 22]"
"['工藝/特色工藝', '代工', '30多年來']","[4, 8, 17]","['先進', '瘦', '從', '到']","[0, 6, 9, 11]"
"['核心推動力', '定律的集成度', '晶 圓', '投資規模']","[1, 7, 10, 14]","['來自於', '基於', '提升', '使得', '加工', '增大']","[2, 3, 8, 9, 11, 16]"
"['資本實力', '廠商', '代工外包生產的方式']","[1, 6, 13]","['相對', '弱', '通過', '經營']","[2, 4, 8, 15]"
"['晶圓', '新建廠房', '工藝', '投入']","[1, 4, 7, 11]","['代工', '追求', '先進', '需', '持續', '增加']","[2, 5, 6, 9, 12, 13]"
"['更多的晶圓', '廠商', '工藝的投入']","[2, 4, 12]","['代工', '選擇', '暫停', '新']","[3, 7, 8, 9]"
"['我們', '工藝將', '', '國際持續', '目標']","[0, 4, 7, 12, 15]","['認為', '先進', '追求', '']","[1, 2, 13, 14]"
"['市場', '過去10 年時間內由晶圓', '產業所顯示']","[1, 8, 12]","['景氣', '周期']","[14, 15]"
"['復 蘇', '擴張', '周期循環']","[3, 5, 13]","['分為', '平穩', '收縮']","[1, 7, 9]"
"['電路設計', '晶圓', '兩個環節的分離']","[1, 3, 9]",['加工'],[4]
['成章'],[4],"['快速', '發展', '順理']","[0, 1, 3]"
"['晶圓', '通過將', '投入於', '任務接過來']","[0, 3, 7, 11]","['大規模', '生產線']","[4, 8]"
"['創型公司', '一個', '機會來', '設計', '想法']","[3, 6, 11, 15, 18]","['提供', '靈便', '在', '方面']","[4, 8, 13, 16]"
"['過程', '行業整體']","[1, 4]","['下行', '優於']","[0, 2]"
"['後來', 'Intel挑戰更為', '', '工藝']","[1, 7, 9, 11]","[' 夠', '領先', '先進', '製程']","[3, 4, 8, 10]"
"['兩個方面', '行業', '變化趨勢', '一方面亞洲', '產業通過', '基地', '晶圓代工業務']","[3, 6, 10, 14, 17, 22, 26]","['影響', '發展', '效仿', '台積電', '生產']","[4, 7, 18, 19, 21]"
"['晶圓代工半導體企業', '21 世紀交替的前後']","[5, 13]","['起步', '發展', '']","[6, 7, 12]"
"[' TI、Infineon、 STM', 'Freescale、NXP等', '上做出', '調整']","[6, 12, 17, 20]","['包括', '了']","[0, 18]"
['完全'],[2],"['沒有', '相關', '業務']","[1, 4, 5]"
"['AMD分別', '和2015 年', '了自身', '和封裝', '業務']","[1, 5, 8, 12, 14]","['晶圓', '測試']","[9, 13]"
"['上述統計中以', '', '', '等既', '晶圓製造和封裝', '能力又將', '產品通過外包', '']","[4, 6, 8, 11, 18, 22, 27, 29]","['', '生產', '廠商']","[14, 28, 30]"
"['晶圓', '影響', '分工后']","[0, 6, 9]","['代工', '興起', '深遠', '在於', '全球化']","[1, 2, 4, 7, 8]"
"['晶圓', '：']","[2, 7]","['代工', '細化', '發展', '吉無不利']","[3, 5, 6, 8]"
"['各', '態晶圓代工行業順應了產業', '而', '了', '長足發展']","[2, 10, 13, 15, 21]","['短長', '肥瘦', '有', '發展', '獲得', '近']","[0, 1, 3, 11, 14, 17]"
"['晶圓', '行業', '方向發展']","[0, 2, 9]","['代工', '細分']","[1, 7]"
['位程'],[1],"['先進', '鰲頭', '獨佔']","[0, 4, 5]"
"['晶 圓', '業務模式', '積極地的意義']","[2, 5, 10]","['代工', '有']","[3, 6]"
['工藝投入'],[4],"['先進', '「', '」']","[2, 5, 8]"
"['UMC和格羅方德相繼', '布局（我們', '認為其', '「', '）']","[3, 11, 14, 16, 26]","['先進', '位程', '', '為', '放緩', '而', '放', '」']","[6, 7, 8, 15, 17, 19, 23, 25]"
"['半導體巨頭三星', '2017 年宣布', '晶圓', '行業中后']","[4, 9, 11, 14]","['進入', '代工']","[10, 12]"
"['國際', '位程技術上的推進', '布局']","[1, 8, 14]","['先進', '跟隨']","[3, 11]"
"[' UMC和格羅方德', '投資']","[2, 7]","['先進', '工藝']","[5, 6]"
"['晶圓', '外', '其他業務']","[3, 5, 9]","['代工', '有']","[4, 7]"
"['MCU', '電路和', '器件三個領域佔', '市場的份額接近', '%']","[2, 5, 11, 16, 18]","['包括', '整體', '50']","[0, 12, 17]"
"['', '工藝']","[0, 2]","['先進', '相比']","[1, 3]"
"['更多', '製造', '環節外包', '選擇']","[1, 4, 11, 15]","['生產', '易於', '標準', '化', '成為', '合理']","[3, 6, 7, 8, 12, 13]"
"['成本', '方面的優勢']","[1, 5]","['成為', '控制']","[0, 2]"
"['國內半導體行業', '', '工程', '企業之一']","[3, 5, 10, 15]","['作為', '發展', '重要', '建立']","[0, 4, 6, 11]"
"['前段論述中我們', '中芯國際', '地區', '工藝製程', '廠商']","[3, 6, 9, 12, 15]","['認為', '作為', '先進', '發展']","[4, 7, 10, 13]"
"['資本方面', '資 源', '方面', '規模的支持']","[2, 4, 6, 14]","['投入', '有', '大']","[5, 9, 11]"
"['行業', '規律', '條件']","[1, 4, 6]","['發展', '看']","[2, 7]"
"['特色工藝', '工藝', '市場地位']","[2, 4, 11]","['先進', '具備', '重要']","[3, 6, 8]"
"['', '工藝', '廠商', '一家']","[3, 6, 9, 16]","['持續', '不斷', '進行', '先進', '開發', '剩下']","[1, 2, 4, 5, 7, 12]"
"['由', '兩個模式的結合才', '個地區積極', '代工並', '保障']","[0, 7, 12, 16, 21]","['發展', '晶圓', '綜合']","[13, 14, 18]"
"['晶圓', '規模']","[1, 4]","['代工', '持續', '做', '大']","[2, 5, 6, 7]"
"['客戶', '下', '產品', '需要1-', ' 月不', '時間']","[0, 2, 4, 8, 11, 14]","['單到', '交付', '']","[3, 5, 13]"
"['世界', '聯華電子', '規模', '一些的供應商']","[2, 6, 8, 13]","['結合', '先進', '作為', '相對', '小', '看']","[1, 3, 7, 9, 10, 15]"
"['中芯國際', '半導體廠商的代錶廠商']","[2, 9]","['增加', '作為']","[0, 3]"
"['存儲器的價格波動作', '行業的前瞻性指標預測行業的未來景氣度變動']","[4, 15]","['採用', '為', '趨勢']","[0, 5, 16]"
"['本報告中我們', '晶圓代工廠商的收入規模波動作', '指標', '預測']","[5, 15, 17, 19]","['採用', '為', '進行']","[7, 16, 18]"
"['市場', ' 年期國債收益率', '其指數', '500指數']","[1, 8, 14, 17]","['選取', '2']","[3, 4]"
"['我們', '國債收益率曲線月度波動作', '資金', '指標']","[0, 7, 9, 12]","['增加', '為', '面', '鬆緊']","[2, 8, 10, 11]"
"['資金狀況', '行業市場', '我們']","[4, 8, 11]","['增加', '考慮', '影響', '認為']","[1, 2, 10, 12]"
"['市場', '情況下']","[2, 6]",['趨弱'],[3]
"['我們', '方式', '國內A股市場的走勢情況']","[0, 4, 12]","['採取', '同樣', '研究']","[1, 2, 5]"
"['中債2 年期國債收益率作為', '參考']","[6, 8]","['採用', '指標']","[0, 7]"
"['', '市場', '觀察方法研究區間', '收益情況', '收益率的角度看']","[1, 3, 9, 12, 18]","['採用', '類似', '超額']","[0, 4, 10]"
"['市場', '確定性的情況下']","[1, 8]","['處於', '好']","[2, 4]"
"['半導體板塊的投資', '市場', '認可']","[3, 5, 8]",['獲得'],[4]
"['過程', '收益率']","[2, 4]","['收縮', '理想']","[0, 7]"
"['代表的晶圓代工', '月度營收', '存儲器價格', '行業', '上行 的趨勢']","[6, 10, 14, 18, 23]","['製造', '變動', '顯示', '具備']","[7, 15, 17, 19]"
"['IC設計', '封裝、', '晶圓半成品']","[3, 7, 19]","['製造', '測試', '銷售', '包辦', '製作成']","[4, 8, 11, 14, 16]"
"['測試後之成品', '銷售管道', '系統廠商', '系統產品']","[3, 7, 10, 15]","['售予', '裝配', '生產', '成為']","[8, 11, 12, 13]"
"['各公司', 'IP種類']","[1, 6]","['提供', '太多']","[3, 7]"
"['客戶', '產品的規格與功能']","[1, 9]",['開發'],[4]
"['一片晶片的功能', '邏輯', '晶圓', '流程']","[7, 9, 12, 15]","['設計', '設計']","[10, 13]"
"['資源', '本土半導體產業']","[2, 6]","['投入', '扶植']","[0, 3]"
['半導體供應鏈'],[5],"['發展', '自有']","[1, 2]"
"['Chromebook、平板電腦、伺服器、電視', '需求']","[10, 12]","['電競', '成長', '受惠']","[11, 13, 15]"
"['民眾', '科技需求', '需求', '下']","[0, 4, 6, 10]","['相關', '持續', '存在']","[5, 8, 9]"
"['5G', '運算與新興物聯網需求']","[3, 9]","['相關', '高速']","[0, 4]"
"['其餘廠商', '聯電、世界', '積電']","[1, 5, 8]","['包含', '先進', '力']","[2, 6, 7]"
"['8吋與12吋', '產能']","[5, 7]","['相關', '接近', '滿載']","[6, 9, 10]"
"['晶圓', '龍頭', '製程', '產能外']","[1, 3, 8, 12]","['代工', '持續', '先進', '邁進', '擴']","[2, 4, 7, 9, 10]"
['12吋廠聯芯產能'],[7],"['包括', '擴增']","[0, 1]"
"['廠區', '設備', '40奈米', '28奈米']","[1, 6, 10, 14]","['增加', '新', '投資', '加快', '轉換']","[4, 5, 7, 8, 11]"
"['2020年', '', '家工作', '應用需求']","[0, 4, 7, 10]","['包括', '遠距', '教學', '成長']","[1, 2, 3, 12]"
"['NAND控制晶片', '產能']","[2, 5]","['生產', '不足']","[3, 6]"
"['市場', '2021年', 'AI、', '運算', '需求']","[1, 3, 7, 10, 12]","['高速', '持續', '看好']","[9, 13, 14]"
"['SiP需求', '下']","[4, 7]","['相關', '持續', '增加']","[2, 5, 6]"
"['智慧型手機、筆電', '產品', '驅動IC需求']","[4, 6, 10]",['增加'],[11]
"['半導體', '預期']","[1, 4]","['成長', '超乎']","[2, 3]"
"['半導體產業', '2020上半年', '疫情', '半導體', '供應鏈']","[2, 5, 8, 11, 13]","['影響', '相關']","[10, 12]"
"['半導體', '廠商', '製程國際競爭優勢']","[2, 4, 9]",['領導'],[3]
"['目前矽單晶', '技術']","[2, 4]","['成長', '成熟']","[3, 7]"
"['晶塊材', '晶圓長成的圓柱形矽晶棒首先經切', '晶片']","[1, 11, 13]","['成長', '割成']","[2, 12]"
"['晶片', '機  械研磨及化學']","[3, 10]","['切割', '好', '侵蝕']","[0, 1, 11]"
"['表面', '鏡']","[1, 6]","['磨', '滑']","[2, 4]"
"['單晶', '–磊晶 example of vapor phase epitaxy:SiCl  \uf0e0  4 + 2H2  Si + 4 HCl  磊晶矽薄膜的純度高、缺陷少、性質']","[0, 18]","['成長', '佳']","[1, 19]"
['有機溶劑'],[2],"['清洗', '掉']","[3, 4]"
"['蝕', '方法分為', '蝕刻', '濕蝕刻法']","[0, 3, 5, 10]","['刻', '乾', '法', '', '種']","[1, 4, 6, 7, 12]"
"['蝕刻', '圖形', '步驟']","[0, 2, 5]","['形成', '為']","[1, 3]"
"['雜質的方法', '法及離子', '法']","[3, 8, 10]","['摻入', '包括', '擴散', '佈植']","[0, 4, 5, 9]"
"['快速高溫', '快速', '處理為', '', '過程', '重要的步驟']","[1, 3, 6, 8, 11, 16]","['處理', '高溫', '電晶體', '電容', '成形', '一']","[2, 4, 7, 9, 10, 17]"
"['構裝', '封裝']","[0, 3]","['包括', '接線']","[1, 4]"
['能力'],[2],"['增加', '導熱']","[0, 1]"
"['蝕刻', '某種材質', '晶圓表面上', ' 除']","[0, 6, 10, 12]",['移'],[11]
"['晶圓', '陰極之上']","[0, 7]","['係', '置於', '帶', '']","[1, 2, 3, 5]"
"['後者', '蝕刻', '角色']","[1, 6, 8]",['重要'],[7]
"['蝕刻', '兩種模式', '混會', '1']","[0, 5, 8, 11]","['單獨', '進行']","[6, 9]"
"['製程', '應', '內']","[7, 9, 11]","['導入', '受到', '嚴密', '控制', '反']","[2, 3, 4, 5, 8]"
"['金層', '  學氣相', '鎢、鋁、氮化鈦', '其他金屬', '一種熱門的CVD應用']","[2, 5, 15, 18, 28]","['化', '沉積', '包括', '']","[3, 6, 8, 26]"
"['晶矽', '半導體電晶體之部分結構', '在某些', '元件上常見', '則是', '', '結 晶', '上的一層純矽結晶']","[1, 9, 13, 18, 21, 25, 28, 35]","['多', '用來', '形容', '磊晶矽', '均勻', '晶圓', '表面']","[0, 3, 4, 19, 24, 26, 29]"
"['晶圓', '摻質的帶電離子束撞擊']","[0, 9]","['受到', '稱為']","[2, 4]"
"['晶圓', '材質']","[2, 5]","['移除', '表面']","[1, 3]"
"['研磨頭', '晶圓', '研磨墊上並', '旋轉']","[0, 4, 9, 12]","['用來', '壓', '晶圓']","[2, 5, 11]"
"['製程', '在下', '製程階段中']","[0, 3, 7]",['監控'],[1]
"['圖案晶圓檢測系統可', '上是', '包括', ' 子、斷線、短路、以', '式各樣']","[4, 9, 13, 22, 27]","['檢測出', '晶圓', '瑕疵', '有', '微塵粒']","[6, 7, 12, 14, 15]"
"['技術', '凸塊', '矩陣式', '晶片面積內']","[2, 4, 6, 11]","['散入', '排列']","[1, 7]"
"['晶片', '技術', '前']","[1, 6, 8]","['決定', '採用', '散入', '構裝']","[0, 4, 5, 7]"
"['晶片', '空間', '所有的連接點']","[2, 7, 11]","['確認', '有', '足夠', '容納']","[1, 4, 5, 8]"
"['晶片', '面板內部']","[2, 6]",['鑲埋'],[3]
"['I/O接點', '方式', '晶圓面積內']","[4, 7, 12]","['散入', '製作']","[6, 8]"
"['方式', '塑膠模上']","[3, 7]","['散出', '製作']","[2, 4]"
"['首先', '', '', '', '效益等']","[0, 4, 6, 8, 11]","['製造', '']","[3, 4]"
"['以期', '技術', '狀態']","[0, 6, 8]","['掌握', '先進', '發展']","[2, 3, 7]"
"['晶片', 'Know Good Die']","[4, 6]","['測試', '良好']","[1, 2]"
"['Fan-Out WLP', '典型']","[1, 6]","['晶圓', '製程']","[4, 7]"
"['晶片', '', '載具上的位置', '偏移']","[3, 6, 12, 15]","['維持', '持取', '放置', '發生']","[2, 5, 7, 14]"
"['晶片', '精確度']","[2, 5]","['位置', '要求', '高']","[3, 6, 8]"
"['晶圓', '塑膠、矽及金屬材料']","[3, 10]","['建構', '含有']","[2, 4]"
"['鑄模Fan-Out WLP技術由於傳統Fan-Out WLP是', '晶片', '表面', '佈線']","[7, 11, 14, 16]","['含有', '']","[9, 13]"
"['晶片', '灌膠鑄模時']","[1, 6]","['朝下', '作']","[2, 3]"
"['Fully Molding Fan-Out WLP', '四', '製程']","[0, 3, 5]","['製造', '包含', '大']","[1, 2, 4]"
"['晶片', '鑄模及加熱等製程', '晶片位移']","[2, 9, 14]","['消除', '貼合', '引起']","[1, 4, 11]"
"['晶片', '速度', '電性設計的準確性']","[3, 6, 11]","['加速', '取放', '增加']","[2, 4, 7]"
"['晶圓製程中', '蝕刻', '蝕刻', '什麼']","[3, 6, 8, 10]","['乾', '濕']","[4, 7]"
"['蝕刻', '蝕刻與濕式蝕刻兩種']","[0, 9]",['分為'],[2]
"['常', '', '蝕刻', '平行板', '離子蝕刻']","[1, 3, 5, 7, 10]",['乾式'],[4]
"['反應後之物質', '表面', '排氣', '外部']","[3, 6, 10, 13]","['脫離', '排']","[7, 11]"
"['感光圖型', '高精度微細', '作業']","[6, 10, 12]","['使', '獲得', '相同', '加工', '起見']","[1, 3, 7, 11, 13]"
"['IC', '高密度的電漿蝕刻']","[3, 11]","['高微', '細化', '採用', '裝置']","[0, 1, 7, 12]"
"['蝕刻', '', '蝕刻']","[1, 4, 6]","['為', '等方', '進行']","[2, 3, 5]"
"['感光樹脂', '部分的圖型', '處理中', '正型', '感光部分的負型兩種']","[1, 7, 11, 16, 24]","['分為', '感光', '顯影', '去', '保留']","[3, 4, 9, 14, 18]"
"['最近', 'KrF excimer laser', '樹脂', '產生劑、溶媒的混合液', '', '化學', '大型']","[0, 2, 7, 13, 15, 17, 19]","['採用', '養', '組成', '放']","[4, 8, 14, 18]"
"['其', '動能', '四吋', '六吋晶圓廠後']","[0, 2, 5, 11]","['成長', '來自於', '轉換']","[1, 3, 6]"
"['這', '半導體產業', '階段']","[0, 4, 9]","['成長', '快速']","[5, 7]"
"['1996～2000 年平均', '達到', '％']","[5, 8, 10]","['使得', '成長', '率', '13.7']","[0, 6, 7, 9]"
"['通訊', '消費電子的需求', '量', 'PC市場的下滑']","[1, 6, 8, 14]","['大', '增加', '彌補']","[7, 9, 10]"
"['市場規模', '產能', '  長']","[2, 5, 11]","['增加', '等', '例成']","[6, 8, 10]"
"['原物料', '更']","[1, 3]","['上漲', '造成', '生產', '成本變高']","[2, 4, 5, 6]"
"['其他半導體', '業者', '資本', '上']","[1, 3, 5, 7]","['製造', '支出', '變得', '特別', '謹慎']","[2, 6, 9, 10, 11]"
"['市場', '率', '金額']","[0, 2, 7]","['成長', '趨緩', '投資', '高']","[1, 3, 5, 9]"
"['因此', '整合元件大廠開始']","[0, 6]","['', '增加', '委外', '以', '風險']","[2, 7, 8, 10, 12]"
"['半導體', '設備供應商', '商業模式']","[0, 3, 7]","['製造', '需要', '改變']","[1, 4, 5]"
"['陸', '半導體', '重  地']","[4, 7, 10]","['大', '生產']","[3, 8]"
"['半導體設備', '供應商', '研發', '生產', '亞太投資']","[4, 7, 12, 14, 18]","['預見', '相關', '相關', '組裝', '轉往']","[2, 6, 11, 15, 16]"
"['市場', '成本']","[2, 5]","['接近', '降低']","[1, 4]"
"['儀器', '半導體', '積體電路的原型']","[2, 7, 15]","['快捷', '成功', '完成']","[5, 10, 11]"
"['早期半導體', '句點']","[2, 5]","['發展', '劃下']","[3, 4]"
"['半導體', '價格、更', '功能', '更', '  地', '各式', '電子產品']","[0, 6, 9, 11, 14, 17, 21]","['更低', '強大', '廣泛', '運用', '製造出']","[2, 7, 12, 13, 15]"
"['半導體主要技術', '議題']","[2, 5]","['發展', '重要']","[3, 4]"
['成本'],[1],"['生產', '降低']","[0, 4]"
"['律帶', '', '關鍵', '成本', '元件速度', '產品功能的提升']","[1, 3, 5, 8, 12, 17]","['來', '降低']","[2, 9]"
"['整個半導體產業', '市場', '動  能']","[4, 6, 12]","['讓', '不斷', '有', '新']","[0, 7, 8, 9]"
"['黃光、薄膜、蝕刻', '', '晶圓', ' 程', '整片上晶片的製作']","[6, 8, 11, 13, 22]","['利用', '清洗', '擴散', '製', '完成']","[0, 7, 9, 12, 16]"
"['晶圓', '完會', '每個', '晶片測試', '封裝']","[0, 2, 5, 9, 12]","['製作', '切割']","[1, 10]"
"['晶片性能', '成本的挑戰']","[3, 8]","['不過', '製造', '越來', '越多']","[0, 5, 9, 10]"
"['產業鏈', '廠商', '研發', '技術或']","[2, 4, 9, 13]","['相關', '都', ' 力', '新', '']","[3, 5, 8, 10, 11]"
"['技  術', '廠商']","[1, 6]","['跑', '快']","[2, 4]"
"['其他', '量產的基礎']","[2, 6]","['面臨', '相關', '準備好']","[1, 3, 8]"
"['這', '產業', '量的要素之一']","[0, 8, 15]","['來', '發展', '考']","[5, 7, 10]"
"['整個產業鏈', '半導體製造商、生產', ' 備', '和', '等', '技術參考']","[3, 9, 12, 14, 16, 20]","['做為為', '包括', '相關', '設']","[0, 4, 5, 10]"
"['國際半導體技術藍圖的內容', '半導體相  關產品的技術規格', '標準']","[6, 16, 18]","['包括', '了', '製造']","[7, 8, 17]"
"['ITRS所', '主題', '了整', '產業鏈、供應鏈', '到企業', '鏈41']","[1, 4, 7, 15, 19, 22]","['', '包括', '個', '半導體', '價值']","[3, 5, 8, 9, 20]"
"['現在所有', '企業研發投資', '依據']","[4, 9, 11]","['成為', '相關', '重要']","[2, 5, 10]"
"['各種產品', '技術', '時間點']","[3, 5, 8]","['設定', '進展']","[0, 6]"
"['了', '支援活動']","[2, 6]","['包括', '相關']","[1, 3]"
"['藍圖', '產業的技術', '共識']","[4, 8, 11]","['這樣', '讓', '發展', '產生']","[1, 5, 9, 10]"
"['地', '廠商集中資源', '良性', '使得產業', '市場', '能']","[1, 6, 9, 12, 14, 16]","['有效', '讓', '相關', '和', '競爭', '和', '蓬勃']","[0, 2, 3, 7, 10, 13, 17]"
"['材料的研發、產品的加工', '設備的設計', '它', '益者']","[9, 14, 18, 20]","['新', '製造', '成為', '受']","[2, 10, 16, 19]"
['晶片效能和'],[5],"['提昇', '製造', '成本']","[2, 7, 8]"
"['其', '原料', '晶圓']","[0, 2, 5]","['生產', '矽']","[1, 4]"
"['過程所', '相關', '技術就', '為', '製程43奈米=1nm,n=10-']","[3, 6, 9, 12, 23]","['生產', '', '生產', '', '半導體']","[1, 5, 7, 11, 13]"
"['其', '速率最', '製程快', '倍']","[0, 4, 10, 12]","['生產', '可以', '四']","[1, 6, 11]"
"['本上', '同比例']","[5, 8]","['製造', '成', '獲得', '降低']","[2, 3, 7, 9]"
"['產品', '晶片性能的數位訊號處理器和', '晶片']","[1, 10, 13]",['要求'],[3]
"['產品', '記憶體容量']","[2, 7]","['提升', '在於']","[3, 5]"
"['45', '金屬導線層數', '導線間的距離']","[0, 5, 11]","['增加', '不斷', '縮小']","[6, 12, 13]"
['導線間電流'],[5],"['降低', '干擾']","[1, 7]"
"['製程', '困難遠 超過']","[1, 6]","['整合', '預期']","[2, 7]"
"['晶圓', '基板與單結晶矽', '構造']","[2, 8, 10]","['傳統', '採']","[0, 3]"
"['行動', '中IC的電力消耗']","[2, 8]","['降低', '裝置']","[1, 3]"
"['同時電阻與電容的增加', '功率的消耗與訊號間的交互干擾']","[5, 17]","['增加', '了']","[7, 8]"
"['了', '市場', '者聲音']","[1, 3, 7]","['傾聽', '更多', '使用']","[2, 4, 5]"
"['市場', '求']","[3, 5]",['了解'],[2]
"['晶片', '業者', '實現的解決方案']","[1, 3, 8]","['提供', '設計', '']","[0, 2, 6]"
"['原因', '其', ' 升產能', '二大']","[0, 2, 7, 12]","['在於', '提', '生產', '成本', '因素']","[1, 4, 9, 10, 13]"
"['其成本', '和晶片', '提升']","[3, 6, 9]","['見', '降低', '優勢']","[1, 4, 10]"
"['1999~2006年全球12吋晶圓廠投產情況資料', '電子時報2005/2/', '廠別CPU  IDM晶圓代工記憶體新增廠數總計19990  0  0  1  1  1  2000', '成員包括超微、安謀、益華', '新加坡特許', '飛思卡爾、IBM、 Innovative Silicon、', 'Lam  Research、恩智浦、', '', '', '', '', '半導體', '台積電與']","[10, 16, 29, 38, 41, 49, 55, 57, 59, 61, 63, 66, 70]","['來源', 'CEA-Leti', '']","[11, 39, 55]"
"['設定的三個任 務', '製造', '', '所', '設備技術於', '線上和', '新']","[6, 11, 13, 15, 20, 24, 27]","['', '先進', '半導體', '技術', '', '一', '製造', '方法']","[2, 9, 10, 12, 17, 26, 28, 29]"
"['技術用', '種不同的微', '產品']","[4, 11, 13]","['新', '生產', '各', '', '電子']","[2, 6, 7, 10, 12]"
"['市場', '風險', '53']","[1, 4, 7]","['變動', '高']","[2, 6]"
"['研發、設計', '一顆', '功能性的IC']","[9, 12, 16]","['製造', '多']","[10, 13]"
"['', '製程產品']","[3, 6]","['加上', '成熟', '先進', '組合', '多']","[1, 2, 4, 7, 8]"
"['廠商', '沒有', '結構改的機會切入']","[1, 3, 10]","['產業', '', '市場']","[5, 8, 11]"
"['企業', '54主要為晶圓', '整合元件', '晶圓', '和', '製造商45爭力', '成長同時']","[2, 7, 12, 15, 17, 21, 24]","['追求', '競', '代工', '記憶體']","[1, 3, 16, 18]"
"['半導體', '電子產品的比重', '21%左右']","[0, 5, 11]","['占', '維持']","[1, 7]"
"['業者', '大量', '需求', '情況下']","[1, 3, 6, 12]","['產出', '增加', '跟上']","[2, 4, 9]"
"['晶圓原料', '晶圓', '300道以上製程']","[2, 4, 12]","['到', '產出', '經過']","[3, 5, 8]"
"['本節', '晶圓', '流程']","[1, 5, 7]","['介紹', '製造', '開始']","[4, 6, 8]"
"['壹、半導體設備產業概述  一', '種類半導體生產', '可區分為材料加工製造、晶圓', '製造及晶圓', '割、封裝等', '大']","[7, 13, 22, 27, 32, 34]","['製造', '流程', '電路', '類']","[14, 15, 24, 35]"
"['半導體設備', '程序', '表 14']","[2, 5, 9]","['詳細', '製造', '分', '類為']","[0, 4, 6, 7]"
"['此類矽晶片', '研磨', '', ' 次磊晶爐則', '晶圓成長成為']","[2, 5, 7, 12, 18]","['經過', '加工', '多', '研磨', '磊晶', '晶圓']","[4, 6, 8, 15, 19, 20]"
"['缺陷、尺寸', '設備']","[5, 7]","['包括', '相關', '檢測']","[0, 1, 6]"
"['每一區都', '數種晶圓', '程相關設備']","[3, 6, 10]","['包括', '製']","[4, 7]"
"['晶圓', '每區', '製程步驟', '設備規  格']","[0, 5, 10, 14]","['需要', '開出']","[7, 11]"
"['生產線', '系統上線、設備裝機、製程調整', '整合', '工作']","[2, 11, 13, 15]","['進行', '自動化']","[1, 3]"
"['一個積體電路', '百道的步驟']","[4, 12]","['製造', '要', '超過']","[5, 7, 8]"
"['晶圓製造商', '半年', '產品', '製程世代、設備商', '產品']","[1, 7, 9, 16, 18]","['提前', '規劃', '需要']","[4, 5, 11]"
"['58', '主要是在進入', '了更加化的平坦度', '大量', '一', '製程', '設備商才能將產品和所需人力和物料資源準備好']","[0, 6, 14, 16, 19, 21, 36]","['為', '運用', '48']","[10, 17, 22]"
"['量測數據', '製程參數']","[2, 6]","['包括', '相關', '設定']","[0, 4, 7]"
"['設備', '製程步驟驗證']","[0, 8]","['負責', '協助', '完成']","[2, 3, 4]"
"['晶圓', '外']","[2, 4]","['了', '變大']","[1, 3]"
"['設備', '大多', '兩代製程', '130/110奈米、90', '65奈米等']","[3, 5, 10, 17, 21]","['購買', '支援']","[1, 8]"
"['晶片', '光學圖案', '晶圓表面蝕刻移除晶圓', '材料以達到', '需求的製程']","[2, 6, 13, 18, 23]","['設計', '轉印', '表面', '設計']","[3, 7, 14, 20]"
"['表面處理/', '去除晶圓', '處理完', '所殘留的', '以利下', '製程的處理蝕刻和表面', '蝕刻和化學', '結合', '反應和機械研磨來移除沉積的金屬或', '緣層薄膜使', '平坦化熱', '氧化層生長']","[2, 5, 8, 13, 16, 24, 28, 30, 41, 45, 49, 52]","['清洗', '表面', '上', '', '材料', '  道', '研磨', '', '表面', '更加']","[3, 6, 9, 10, 14, 18, 29, 39, 46, 47]"
"['製程', '困難', '時間成本']","[2, 5, 8]","['避免', '整合']","[1, 3]"
"['設備的生產狀況', '量測其他包括', '電鍍、晶圓記號等晶圓', '設備', '晶圓', '設備生產', '主要有批次處理與單晶圓多反應 室']","[4, 9, 17, 19, 21, 24, 36]","['確保', '良好', '磊晶', '製程']","[0, 5, 10, 18]"
"['製程', '批次式製程技術']","[0, 6]","['都', '使用']","[1, 3]"
"['設計片', '反應室', '', '用的製程平台(', 'frame']","[4, 6, 8, 15, 17]","['採用', '多', '設計', '優點為', '']","[1, 5, 7, 9, 12]"
"['更', '時間', '製程整  合的困難']","[0, 5, 12]","['增加', '產出', '生產', '減少']","[2, 3, 4, 7]"
"['各模組的運轉', '整合', '可靠度及精密度', '設備', '晶圓製造商的量產標準']","[3, 5, 11, 15, 21]","['具備', '高', '讓', '達到']","[7, 8, 14, 16]"
"['原廠', '區域', '技術', '人力的素質', '量產穩定度63']","[2, 4, 6, 10, 15]","['需要', '化', '支援', '維護']","[1, 5, 7, 12]"
"['設備', '後']","[1, 3]","['到位', '進行', '改良']","[2, 5, 6]"
"['市場', '半導體', '市場預測的基礎']","[3, 5, 10]","['進行', '設備']","[4, 6]"
"['設備商多數的八吋機台', '功能']","[6, 12]","['提供', '新', '改善']","[9, 10, 13]"
"['市場', '復2000年的水準']","[0, 8]",['回'],[3]
"['市場', '2000 年的水準']","[1, 8]",['達到'],[4]
"['2001 年開始', '12吋設備從2005 年', '已經成為主流']","[3, 11, 15]","['發展', '']","[4, 5]"
"['半導體設備業者', '12吋晶圓製造技術', '設備', '  組的過程耗時極']","[2, 9, 11, 17]","['進', '研發', '和', '', '久']","[3, 4, 10, 14, 18]"
"['投資', '時間更長']","[1, 5]","['回收', '需']","[0, 3]"
"['設備售價', '1倍']","[2, 8]","['增加', '不']","[4, 5]"
"['廠商', '成本']","[1, 3]","['開發', '增加']","[2, 4]"
"['晶圓製造商', '技術', '風險']","[2, 8, 13]","['全球化', '聯盟', '合作', '降低']","[6, 9, 10, 12]"
"['而領先', '製程設備業者可以運用', '資源參', '提早完成', '驗證量產']","[2, 8, 13, 17, 21]","['晶圓', '全球', '各', '製程', '要求']","[3, 10, 14, 19, 22]"
"['同時', '此一優勢', '各晶圓製造商的設備供應鏈']","[0, 4, 11]","['利用', '切入']","[1, 5]"
"['十大資本', '廠商', '了', ' 成以上比重']","[7, 9, 11, 16]","['發現', '支出', '占', '整體', '6']","[2, 8, 10, 12, 13]"
"['廠商', '2008年縮減資本']","[0, 6]",['支出'],[7]
"['寧', '產能', '率以免', '導致']","[1, 5, 9, 14]","['維持', '高', '利用', '設備', '而', '閒置']","[3, 4, 6, 12, 13, 16]"
"['成本', '攤提']","[1, 4]","['增加', '折舊']","[0, 3]"
"['市場', '95億美元的歷史高峰']","[0, 9]",['成長'],[1]
"['聯  電', '晶圓', '資本支出']","[3, 5, 9]","['代工', '趨於', '平穩']","[6, 11, 12]"
"['可是從代工', '市場', '來看']","[2, 5, 8]",[],[]
"['其營收', ' IDM大廠']","[2, 7]","['成長', '倚賴']","[3, 5]"
"['技術上', '其']","[4, 8]","['先進', '合作']","[1, 9]"
"['其技術內容包括', '製程設備']","[4, 7]","['晶圓', '選擇']","[5, 8]"
"['產品', '問題']","[1, 3]",['沒'],[2]
"['設備', ' 單']","[6, 8]","['等於', '獲得', '擴產', '訂']","[1, 3, 4, 7]"
"['台積電', '聯電', '技術', '自己研發']","[2, 4, 7, 10]","['了', '主要']","[1, 5]"
"['設備', '較', '外']","[2, 6, 9]","['選', '上', '自主權']","[3, 5, 8]"
"['前十', '廠商', '06年占了', '60%的比例']","[1, 3, 8, 15]","['大', '市場', '近']","[2, 9, 10]"
"['前十', '設備', '應商中']","[2, 4, 7]","['大', '供']","[3, 5]"
"['晶圓製造商', '半導體設備商的製程技術', '產品', '順利', '並加以']","[1, 8, 10, 14, 20]","['倚賴', '支援', '能夠', '新', '世代', '製程']","[3, 11, 13, 16, 17, 18]"
"['', '製程', '廠商']","[3, 5, 9]","['輕易', '更換', '驗證']","[2, 4, 6]"
"['製程', '技術']","[3, 8]","['新', '有', '採用', '新']","[2, 4, 6, 7]"
"['此要求廠商', '設備', '生產', '生產', '68']","[3, 5, 7, 10, 12]","['提高', '可', '和']","[4, 6, 9]"
"['同時', '其', '製程', '智慧財產的']","[0, 2, 4, 10]","['佈局', '先進']","[1, 3]"
"['68Uptime指', '扣除', '後', '運轉', '']","[3, 5, 8, 10, 12]","['是', '當機', '實際', '生產', '', '時間']","[4, 7, 9, 11, 12, 13]"
"['核心半導體產業的差異', '轉向', '和知識']","[4, 8, 11]","['製造', '設計']","[7, 9]"
"['壹、產業競爭分析', '市場', '可以看出', '是', '成熟']","[4, 8, 11, 14, 18]","['從', '已經', '產業']","[5, 13, 19]"
"['本節', '波特的五', '分別模型', '了解', '競爭環境']","[1, 5, 8, 10, 14]","['利用', '力', '整體', '產業']","[2, 6, 11, 12]"
"['產品', '了製程技術外']","[3, 8]",['確定'],[2]
"['晶圓製造商研發部門評估', '技術', '設備的時機70']","[4, 6, 11]",['新'],[5]
"['設備', '支援人', '對方1~2年免費評估']","[3, 6, 15]","['盡量', '提供', '相關', '力', '給']","[1, 2, 5, 7, 8]"
"['競爭對手', '產品', '問題']","[4, 6, 8]","['了', '利用', '出現', '大']","[1, 2, 5, 7]"
"['設備商', '1~2年產品研究合作才', '供應鏈']","[2, 11, 16]","['新', '利用', '能']","[0, 3, 12]"
"['這個機會', '研發部門', '技術', '部門後']","[2, 7, 9, 13]","['利用', '轉移到', '製造']","[5, 10, 11]"
"['同時', '條件', '工廠', '部門', '72']","[0, 4, 6, 8, 10]","['利用', '提供', '優惠', '製造', '切入']","[1, 2, 3, 7, 9]"
"['產業', '率']","[0, 2]","['成長', '低']","[1, 3]"
"['原因', '下', '三點', '71', '到量產', '一年']","[1, 4, 7, 9, 14, 17]","['分為', '列']","[3, 5]"
"['部門', '設備的產出效率、妥善', '生產', '再做', '評估']","[1, 10, 13, 16, 19]","['製造', '特別', '和', '次']","[0, 3, 12, 18]"
"['這', ' 不', '物料零件']","[0, 2, 6]","['包括', '相關']","[3, 4]"
"['廠商', '佈局', '產業的主要', '和', '專利']","[1, 3, 7, 9, 11]",['好'],[4]
"['產品', '時間才有', '', '量產', '時程接軌']","[0, 5, 8, 12, 15]","['上市', '將']","[1, 7]"
"['大量', '技術 人力', '以', '製造商研發和', '長達', '年半所']","[4, 8, 10, 15, 17, 21]","['高', '晶圓', '一', '資源']","[5, 12, 18, 23]"
"['一小時的缺料', '當機都', '客戶', '損失']","[3, 5, 8, 11]","['造成', '巨大']","[7, 9]"
"['廠商的產品', '技術', '問題']","[3, 8, 12]","['支援', '新', '出現', '重大']","[5, 6, 10, 11]"
"['', '業者更', '可能']","[4, 7, 15]","['合作', '不同', '難以', '雙方', '新', '設備']","[3, 5, 8, 10, 12, 13]"
"['客戶裝機基礎', '客戶', '設備', '因素']","[3, 5, 8, 12]","['選擇', '重要']","[7, 10]"
"['技  術', '廠商', ' Intel、Samsung、Quimonda、TSMC和', ' 等客戶']","[3, 5, 14, 17]","['擁有', '領導']","[1, 4]"
"['便', '晶圓製程設備商', '其', '設備雛型', '技術']","[0, 6, 8, 11, 13]","['要求', '提供', '新', '合作']","[3, 7, 9, 14]"
"['市場', '地位', '利潤75']","[2, 4, 10]","['取得', '領先', '獲得', '高']","[1, 3, 6, 8]"
"['能力主導技術規格', '製程', '提供者']","[5, 11, 15]","['有', '能']","[1, 13]"
"['客戶', '廠商強勢的設備取得議價']","[0, 8]","['不容易', '優勢']","[1, 9]"
"['客戶', '應商策略', '採購', '76']","[0, 8, 10, 13]","['利用', '供', '合約']","[4, 6, 11]"
"['產品', '空間']","[0, 4]","['強', '少']","[2, 6]"
"['設備商', '商業模式']","[0, 6]","['運用', '不同', '因應']","[3, 4, 8]"
"['產品線', '廠商', 'AMAT']","[0, 3, 5]",['完整'],[1]
['議價空間'],[5],"['提供', '大']","[0, 2]"
"['客戶', 'AMAT設備意願']","[2, 8]","['提高', '更換', '採購']","[1, 3, 5]"
"['晶圓製程設備商', '零件', '代工', '後', '組裝', '測試']","[2, 7, 9, 11, 17, 19]","['相關', '委外', '製造', '自行', '整']","[6, 8, 10, 13, 14]"
"['零件種', '關鍵性和']","[4, 10]","['而言', '類', '分為', '非']","[1, 5, 7, 8]"
"['晶圓', '本的生產', '成本', '控制交期、品質']","[1, 8, 11, 16]","['希望', '降低']","[3, 10]"
"['外', '轉換程本', '客戶']","[2, 8, 11]","['了差異化', '利用', '高', '維持']","[1, 5, 6, 10]"
"['市場', '移動後']","[1, 6]",[],[]
"['成本', '服務效  率']","[7, 11]","['在地化', '生產', '降低', '製造']","[2, 3, 5, 6]"
"['零件的使用時間', '消耗量', '客戶', '一大負擔']","[3, 6, 8, 12]",[],[]
"['這', '廠商', '零件', '低', '成本的原因']","[0, 11, 14, 20, 24]","['什', '麼', '想', '要求', '相關', '製造', '降', '生產']","[4, 5, 8, 9, 10, 17, 19, 21]"
"['版圖', '結果']","[2, 5]","['製造', '移動']","[1, 3]"
"['技術', '這塊市場']","[2, 12]","['成熟', '發展']","[6, 9]"
"['技術', '', '幾年', '政府', '企業的努力']","[1, 3, 7, 9, 13]","['位於', '下游', '經過', '來']","[0, 2, 5, 8]"
"['設備', '採用']","[4, 6]",['獲得'],[5]
"['廠商', '市場']","[1, 8]","['容易', '快速', '搶得']","[4, 5, 6]"
"['廠商', '其智慧資源規劃的模式']","[3, 11]","['參考', '運用']","[1, 5]"
"['產品週期', '78']","[1, 7]","['短', '回收', '把握']","[2, 5, 6]"
"['氣相磊晶', '目前', '矽元件', '']","[1, 4, 7, 10]","['成長', '成長', '主要']","[2, 5, 9]"
"['MBE', '磊晶', '情形下']","[0, 4, 12]","['束', '成長', '超高', '真空']","[3, 5, 8, 9]"
"['蝕刻', '即', '', '物理作用或', '反應之過程去', '上某特定區 域上之薄膜']","[0, 3, 7, 12, 17, 26]","['蝕刻', '經由', '', '']","[2, 5, 7, 9]"
"['兩者的差別', '蝕刻', '液態溶液', '氣體']","[4, 7, 10, 12]","['取決', '劑為']","[5, 8]"
[],[],"['容易', '加工', '處理']","[0, 1, 2]"
"['半導體', '業界', '各種', '結構、奈米級薄膜厚度', '量測需求', '', '技術']","[0, 2, 6, 15, 18, 21, 23]","['設備', '推出', '高深', '寬', '發展出', '新']","[1, 4, 8, 9, 20, 22]"
"['製程挑戰', '製程控制', '更添', '    VLSI Research總裁', '表示']","[2, 5, 8, 11, 13]","['先進', '多', '為', '良率', '進程']","[0, 3, 6, 7, 9]"
"['半導體', '業者']","[2, 4]","['製造', '而言']","[3, 5]"
"['製程', '許多', '材料']","[2, 4, 6]","['進', '採用', '新']","[1, 3, 5]"
['前驅物'],[4],"['採用', '新']","[1, 2]"
['種種挑戰'],[7],"['先進', '製程', '']","[3, 4, 5]"
"['製程', '反應速度', '以往']","[0, 4, 7]","['控制', '即時']","[1, 9]"
"['挑戰質量檢測', '技術', ' Jiangtao Hu 表示']","[6, 10, 13]","['面對', '高深', '寬', '更', '         Lam Research']","[0, 1, 2, 7, 9]"
"['晶圓', '前、加工中與加工後']","[1, 9]",['加工'],[2]
"['晶圓', '環境的溫度、氣壓', '大氣浮力的變化']","[0, 7, 14]","['處', '引起']","[2, 10]"
"['過去幾個', '產品', '案例']","[3, 7, 9]","['重大', '召回', '看']","[5, 8, 11]"
"['晶片', '覆晶封裝']","[2, 5]","['多', '改用']","[1, 3]"
"['這些測試需求', '光/電流/電壓+波長檢測與近場、遠場測試三', '類']","[2, 19, 21]","['粗', '分為', '大']","[4, 5, 20]"
"['半導體', '檢測、量測', '問題']","[1, 5, 7]","['先進', '相關']","[2, 6]"
"['研究單位', '角度的觀點']","[3, 7]","['提供', '來自', '不同']","[0, 1, 4]"
"['矽晶圓製造業資源', '應用技術手冊', '：經濟部工業局出版', '96 年8 月      編著    序   半 ', '體 製 造', 'IC設', '', '晶 圓 ', ' 造、IC 封 裝', '試', ' 階 段']","[2, 6, 13, 19, 23, 26, 28, 31, 38, 40, 43]","['化', ' 計', '製', 'IC']","[3, 27, 32, 39]"
"[' 晶 圓製 造 ', '各類廢 棄', '資 源', '實 際 執 ', '情 形 彙整 成「廢 棄 物', ' 源', ' 案 例']","[6, 11, 13, 18, 28, 30, 33]","['將', '業 ', ' 物', ' 化', '行 ', ' 資', ' 化']","[1, 7, 12, 14, 19, 29, 31]"
"['  謹 識   ', '年8 月I  目 錄    頁碼第一章 前言', '1', ' 緣起 ...........................................................................................................1', '技術', '內容說明']","[3, 12, 14, 19, 21, 24]",[],[]
"['846.1廢酸資源化技術案例..............................................................................', '6.2廢溶劑資源', '技術案例.........................................................................966.3廢切', '資源化技術案', '102第七章技術評估與設備', '...................................................................', '7.1資源化', '評估流程............................................................................1057.2資源化設備', '程序', '1077.3', '成本分析....................................................................................114  參考文獻........................................................................................', '119      III  圖 目 錄    圖', '-12005~2021年矽', '材料', '發展趨勢', '5圖2.2-1西門子式', '晶矽的生產', '..................................................................', '   圖', '2', '流程.......................................................................................8', '3.1-1典型矽晶圓製造流程及其污染源產生圖', '圖', '-2廢矽晶', '料.........................................................................................', '-3廢矽晶堝']","[9, 13, 22, 26, 34, 38, 42, 51, 53, 56, 65, 70, 78, 80, 83, 91, 95, 98, 100, 103, 108, 121, 124, 128, 131, 138]","['84', '削油', '選用', '105', '...........................................................................', '........................', '晶圓', '技術', '多', '', '.............................................', '3.1']","[10, 23, 35, 39, 54, 66, 79, 81, 92, 94, 122, 134]"
"['74', '5.4-', '機性污泥再', '時之柵板流程.....................................', '圖5.4-3無機性污泥替代', '原料再利用流程', '76圖', '4', '污泥替代人工骨材原料再利用', '........................................77   圖', '-5中鋼公司', '氟化', '前', '處理流程', '77圖', '切削油過濾與分離之設備.................................................................81圖5.5-2', '分離機運作', '............................................................................', '圖', '-3廢', '削油', '離心回收系統', '.........................................................83圖6.1-1', '化學蝕刻廢混酸之溶劑萃取', '質量', '...................']","[1, 4, 8, 17, 25, 30, 33, 36, 44, 49, 53, 56, 59, 62, 65, 83, 86, 89, 91, 95, 97, 101, 108, 117, 120, 122]","['於', '陶瓷', '.................................................', '-', '5.4', '利用', '1', '廢', '原理', '平衡']","[10, 12, 31, 35, 50, 55, 68, 69, 87, 121]"
"['92圖6.1-6廢混酸', '磷酸三丁酯', '分離', '洗滌', '有機相濃 度關係', '洗滌液', '12mol', 'L']","[6, 9, 11, 14, 20, 22, 25, 27]","['萃取', '段數', '：']","[10, 15, 23]"
"['磷酸三丁酯', '萃取劑的等溫萃取線', '－泰分析', '圖6.1-9以水自', '三丁酯脫除', '', '脫除線及其麥－泰 ', '圖法', '................................................................94', '-', ' 廠廢溶劑資源化', '流程.................................................................96   圖6.2-', ' 廠廢異', '資源', '處理流程']","[2, 8, 12, 21, 24, 26, 33, 35, 38, 41, 47, 54, 58, 60, 63]","['為', '........................', '', '作', '6.2', '1', '2', 'D']","[3, 13, 30, 34, 40, 42, 55, 56]"
"['矽晶圓材料', '8吋與12 ', '矽晶圓長晶、切割', '作業']","[4, 9, 15, 21]","['進口', '進行', '至', '等']","[1, 5, 17, 19]"
"['科專計畫支持', '將', '延性', '技術運用', '', '式氧化物晶圓上']","[3, 5, 8, 11, 15, 20]","['下', '加工', '於', '晶圓']","[4, 9, 12, 14]"
"['掩埋、', '方式處置']","[7, 13]","['採用', '傳統', '焚化', '固化']","[3, 4, 8, 10]"
[],[],"['不予', '回收', '處置']","[0, 1, 4]"
"['矽晶 圓製造業', '廢棄物資源', '技術手冊', '工作']","[3, 6, 10, 12]","['進行', '化', '編寫']","[4, 7, 11]"
"['', '綠色矽島']","[8, 11]","['讓', '發展', '成為']","[0, 5, 6]"
"['矽晶圓製造業', '廢棄物資源化', '手冊編撰']","[3, 7, 10]","['進行', '技術', '工作']","[4, 8, 11]"
"['矽晶圓', '業者', '生產與廢棄 物資源', '技術之認知']","[4, 6, 13, 18]","['希望', '提升', '製造', '清潔', '化', '專業']","[0, 2, 5, 8, 14, 15]"
"['廢棄物', '意願']","[2, 6]","['提高', '回收', '利用']","[1, 3, 5]"
"['各資源', '技術運作情 形']","[2, 6]","['提供', '化']","[0, 3]"
"['第七章', '資源', '技術評估流程', '資源', '設備之選用程序及成本分析之要項']","[1, 4, 9, 11, 21]","['提供', '化', '購置', '化']","[3, 5, 10, 12]"
"['業者', '資源', '技術與設備之參考']","[1, 3, 9]","['供', '選用', '化']","[0, 2, 4]"
"['其產業範疇', '晶圓、光罩、記憶 體', '其他積體電路']","[2, 10, 14]","['包括', '從事']","[3, 4]"
"['上下游產業', '二極體、電晶體、閘流體、積體電路引腳架', '', '專用導線架製造業', '封裝']","[3, 15, 17, 22, 25]","['相關', '包括']","[0, 5]"
"['矽晶', '各種電路元件結構']","[0, 8]","['圓經', '加工', '製作成']","[1, 2, 3]"
"['半導體', ' 品']","[1, 3]","['產生', '成']","[0, 2]"
"['2.1產業發展沿革「矽', '原始材料', '「矽']","[5, 10, 13]","['晶圓', '」']","[6, 7]"
"['晶矽', '直徑', '小的單晶矽晶棒']","[2, 6, 11]","['讓', '多', '拉成', '不同', '大', '']","[0, 1, 4, 5, 7, 9]"
"['半導體', '8吋矽晶圓材料']","[1, 13]","['開始', '進入', '投資', '成立', '生產']","[2, 3, 5, 6, 8]"
"['國內', '12吋矽晶圓片廠則有', '', '建廠', '階段']","[0, 7, 9, 13, 15]","['生產', '', '完成']","[1, 9, 14]"
"['半導體', '', '', '小松']","[4, 6, 8, 10]",[],[]
"['其中', '來自', '吋矽晶圓的貢獻']","[0, 5, 11]","['成長', '係']","[2, 3]"
"['2003～2009 年', '率', '9％']","[3, 6, 9]","['複合', '成長', '達']","[4, 5, 7]"
"['客戶', '需要選用']","[0, 4]",[],[]
"['矽晶圓', '技術', '研發階段']","[2, 5, 9]",['拋光'],[4]
['尺寸晶圓之主流'],[6],"['成為', '發展', '大']","[0, 1, 2]"
"['矽', '晶矽的原料']","[0, 6]","['製造', '多']","[2, 3]"
"['純度多', '過程先', '', '', '', '混合', '石墨電弧沈 浸加']","[3, 6, 9, 11, 13, 15, 23]","['製造', '高', '晶矽', '置', '於', '熱', '還']","[0, 1, 4, 16, 17, 24, 25]"
"['單晶', '程序目前超過98％的電子元件材料都是使用單晶矽']","[0, 14]","['成長', '']","[1, 7]"
['尺寸的矽晶棒'],[5],"['開始', '生產', '大']","[0, 1, 2]"
"['單晶', '過程', '一門', '科學」']","[0, 2, 5, 8]","['成長', '轉變成']","[1, 3]"
"[' CZ法利用', '以', '內的對', '冶金級多晶矽三氯矽甲烷高純度', '3半導體級多晶矽SG-Si焦炭還原 電弧爐+HCl', '純水以氫氣進行還原-8', '現象']","[3, 6, 11, 20, 33, 42, 44]","['增加', '磁場', '矽湯', '矽砂', 'SiHCl', '分餾', '-']","[4, 5, 8, 13, 21, 34, 43]"
"['其', '矽晶', '生產低功率的積 體電路元件']","[0, 3, 11]","['生產', '用於']","[1, 5]"
"['CZ 法較', '單晶矽晶棒']","[3, 10]","['用於', '生產', '大', '尺寸']","[5, 6, 7, 8]"
"['以下幾個步驟：', '2.2-2單晶矽生產流程加料這', '步驟可以說', '單晶生長程序的準備期']","[7, 17, 21, 27]","['細', '分為', '是']","[1, 2, 22]"
"['晶頸', '堝內融熔液體的溫度穩定']","[0, 10]","['成長', '後']","[1, 11]"
"['晶頸', '時', '晶種', ' 速', '上']","[0, 2, 5, 7, 9]","['成長', '快', '提升']","[1, 6, 10]"
"['晶冠', '成長']","[0, 4]","['成長', '完成', '後']","[1, 5, 6]"
['溫度'],[4],"['降低', '拉速']","[1, 2]"
"['晶圓', '晶矽', ' CZ法長成', '矽晶棒後']","[0, 3, 7, 10]","['加工', '單晶']","[1, 8]"
"['此一部份', '作業', '切片', '邊', '', '', '10-熱處理以', '等製程']","[2, 5, 9, 12, 14, 16, 22, 25]","['加工', '成形', '包括']","[3, 4, 6]"
['晶 棒'],[4],"['進行', '黏著']","[2, 5]"
"['圓邊為減少矽', '製造', '', '外力撞擊', '晶圓']","[4, 8, 10, 14, 16]","['晶圓', '在', '', '遭', '邊緣', '破裂']","[5, 6, 10, 12, 17, 18]"
"['晶圓', '製程中', '污染微粒']","[1, 4, 7]","['讓', '釋出']","[0, 5]"
"['晶圓', '研磨盤間']","[1, 5]",['盛裝'],[2]
"['蝕刻晶圓蝕刻目的在於去除先前機械', '損傷']","[7, 11]","['加工', '造成']","[8, 9]"
"['此方式特點', '成本', '毒氣', '問題']","[2, 4, 9, 11]","['為', '低', '無', '排放']","[3, 6, 8, 10]"
"['上', '晶圓', '650℃~800℃間爐管中']","[1, 3, 12]","['傳統', '置於']","[0, 4]"
"['環境雜質污染與', '應力', '', '陷留', '中']","[6, 8, 10, 12, 15]","['成長', '熱', '造成', '缺', '於']","[1, 7, 9, 11, 13]"
"['缺陷', '其中']","[5, 7]","['致使', '加工', '造成', '存於']","[0, 2, 3, 6]"
"['去疵法', '晶圓中晶格之缺陷', '消除', '缺陷']","[0, 7, 11, 13]","['利用', '來', '控制', '其他']","[2, 8, 9, 12]"
"['元件設計區雜質', '金屬', '缺陷']","[4, 6, 9]","['提供', '吸附']","[1, 10]"
"['外部去疵－藉由外在', '晶圓', '受', '形成如', '缺陷']","[4, 7, 9, 13, 16]","['背面', '應力', '差排']","[8, 11, 14]"
"['此方法', '機械應力控制上及其', '上', '處理']","[1, 8, 11, 14]","['清洗', '仔細', ' 當']","[10, 13, 16]"
"['晶圓', '拋光分為', '', '拋光']","[0, 3, 6, 9]","['拋光', '邊緣', '拋光', '晶圓']","[1, 4, 5, 7]"
"['前者', '目', '微粒', '晶圓之可能性']","[0, 2, 5, 11]","['降低', '附']","[4, 6]"
"['過後', '目視檢查是否', '', '或']","[1, 6, 9, 11]","['清洗', '做', '缺口']","[0, 3, 8]"
['晶圓表面'],[3],"['進行', '拋光']","[1, 4]"
"['時', '晶圓', '蠟', '或', '夾持', '固定於']","[1, 4, 6, 8, 10, 12]","['拋光', '鑲理', '方式', '拋光盤']","[0, 7, 11, 13]"
"['矽晶圓', '流程', '今']","[3, 5, 7]","['製造', '無', '大', '變化']","[4, 9, 11, 12]"
"['本章', '矽晶圓', '程中可能', '廢棄物之種類予以']","[0, 4, 9, 16]","['係', '製造', '']","[1, 5, 11]"
"['人員', '廢棄物', '資源', '參考']","[3, 5, 8, 13]","['供', '相關', '從事', '清理', '利用', '工作']","[1, 2, 4, 6, 10, 11]"
"['14-圖', '-1典型矽晶圓製造流程及其', '產生圖原料', '製程', '廢水廢氣廢棄物單晶生長熔化晶頸', '晶冠成長晶身成長尾部成長晶圓加工切片 圓邊研磨蝕刻熱處理去疵晶圓拋光', '清洗', '晶矽原料 石英坩堝 摻雜物純水切削油研磨漿料', '氫氟酸醋酸', '氦氣氯化氫', '氧化鉀拋光液研磨漿料  H2O- H2O2-NH4OH   H2O- H2O2-HCl廢多晶矽廢石英坩', '廢矽晶頭尾料廢矽晶堝底料廢切', '無機性污泥 ', '粉塵廢油泥 廢酸水無機性', '泥品質檢查', '圓片廢氣廢溶劑廢液-15-圖', '-2廢矽晶頭尾料2']","[3, 12, 17, 19, 27, 46, 48, 61, 65, 68, 78, 87, 91, 98, 102, 111, 118]","['添加物', '晶圓', ' 多', '硝酸', '磷酸', '氫', '堝 ', '削油', ' 矽', '破損晶', '3.1']","[18, 47, 49, 62, 66, 69, 79, 88, 92, 103, 112]"
"['其作用', '散射熱源']","[1, 8]","['提供', ' 勻']","[3, 5]"
"['人工', '分離']","[2, 5]","['利用', '進行', '敲碎']","[1, 3, 4]"
[' 洗'],[3],"['進行', '酸', '清潔']","[1, 2, 4]"
"['其他的矽晶圓', '過程', '：研磨']","[2, 4, 9]","['製造', '拋光']","[3, 10]"
"['前破片、研磨後', ' 片', '後破片']","[8, 10, 14]","['分為', '研磨', '破', '拋光']","[2, 3, 9, 12]"
"['後', '後方', '長晶原料']","[1, 6, 10]","['回收', '酸洗', '作為']","[0, 5, 8]"
"['切削劑晶圓加工製程之切片作業在於將矽', '切成矽']","[10, 14]","['廢', '單晶', '晶圓', '薄片']","[0, 11, 15, 16]"
"['晶圓', '過程係', '切割機在', '裁切', '切片過程須', '', '混合之切削劑作為', '用途']","[0, 3, 6, 9, 13, 17, 22, 24]","['切割', '由', '', '冷卻']","[1, 15, 20, 23]"
"['過程', '']","[3, 5]","['用以', '帶走', '切割', '產生', '熱']","[0, 1, 2, 4, 6]"
"['其中切片', '單元', '切削油']","[1, 3, 6]","['生產', '產生', '廢']","[2, 4, 5]"
"['化學', ' 刻製程', '濃度硝酸、氫氟酸及緩衝酸液', '混酸', '微蝕作業']","[0, 3, 13, 16, 19]","['蝕', '不同', '組成', '進行']","[1, 5, 14, 17]"
"['蝕刻作業後的廢混酸', '時']","[5, 10]","['欲', '進行', '利用']","[6, 7, 9]"
"['廢溶劑清洗矽晶圓之作用在於有效清除', '所有污染源']","[8, 13]","['', '晶圓', '表面', '']","[4, 9, 10, 11]"
"['後的矽晶圓', '乾燥處理']","[5, 10]","['清洗', '完成', '需要', '適當']","[0, 1, 6, 7]"
"['IPA蒸氣與晶圓', '面水分呈現共', '原理']","[4, 9, 12]","['利用', '沸點', '']","[0, 10, 11]"
"['IPA廢溶 劑會經過', '淨化', '便', '重新']","[5, 8, 10, 12]","['回收', '以']","[7, 9]"
"['其', '時間']","[1, 6]","['發展', '變']","[2, 8]"
"['原料', '產品', '整個產品生命週期']","[4, 6, 12]","['原始', '棄置']","[2, 7]"
"['服務', '資源']","[2, 6]","['提供', '消耗']","[1, 7]"
"['晶圓片製造業', '產品', ' 計及生產活動過程之污染預防策略']","[3, 5, 15]","['敘述', '矽']","[0, 1]"
"['其他公司', '晶圓', '後段製程']","[1, 5, 9]","['從事', '矽', '製造']","[3, 4, 6]"
"['此矽晶圓', '下游晶片', ' 廠之主要材料', '本作業之研究範疇為']","[1, 5, 10, 17]","['係', '為', '製造', '搖籃', '到']","[2, 3, 6, 18, 19]"
"['矽晶圓', '後段製程之環境特性分析', '半導體公司案例', '先期準備工作']","[1, 8, 13, 23]","['製造', '說', '邁向', '清潔', '生產']","[2, 14, 17, 18, 19]"
"['矽晶圓', '後段製程之環境特性分析', '半導體公司案例說', '：', '生產之先期準備工作']","[1, 8, 13, 15, 22]","['製造', '邁向', '清潔']","[2, 16, 17]"
"['物料', '資源', '產品產量資料']","[2, 4, 9]",['使用'],[5]
"['該公司', '資料']","[2, 5]","['提供', '顯示']","[3, 6]"
"['方式', '空運與海運兩種方式']","[1, 8]","['運輸', '有']","[0, 2]"
"['每', '一片八吋矽晶圓拋']","[0, 8]","['生產', '光片']","[1, 9]"
"['矽晶圓', '後段製程之環境特性分析', '公司案', '：', '清潔', '先期', '工作']","[0, 7, 11, 13, 15, 18, 20]","['製造', '邁向', '生產', '準備']","[1, 14, 16, 19]"
"['矽晶圓', '後段製程之環境特性分析', '半  導體公司案例說明：', '先期', '工作']","[1, 8, 16, 21, 23]","['製造', '邁向', '清潔', '生產', '準備']","[2, 17, 18, 19, 22]"
"['資料庫中', '用之替代性數據']","[5, 12]","['相關', '使', '']","[2, 8, 10]"
"['導體公司廠內每', '一片八吋矽晶圓', '光片約', 'MJ的能源']","[6, 12, 15, 20]","['生產', '拋', '40']","[7, 13, 17]"
"['該廠', '研磨', ' 程']","[1, 5, 8]","['進行', '拋光', '製']","[3, 6, 7]"
"['能源', '晶矽焙融', '切割', '製程', '', ' 源']","[3, 11, 14, 16, 19, 21]","['消耗', '小於', '多', '拉晶', '需']","[1, 6, 8, 12, 18]"
"['公司廠內', '一片八吋矽晶圓拋', '約', '公斤的二氧化碳']","[3, 12, 14, 19]","['生產', '光片', '20']","[5, 13, 16]"
"['本次', ' 算', '上游製程', '晶矽', '拉晶、切割', '製程', '環境', '-30- 荷資料']","[1, 3, 7, 11, 16, 18, 22, 28]","['運', '包括', '多', '熔融', '實際', '負']","[2, 5, 10, 12, 20, 23]"
"['矽晶圓', '後段製程之環境特性分析', '半導體公司案例', '生產之先期準備工作']","[0, 7, 11, 21]","['製造', '說', '邁向', '清潔']","[1, 12, 15, 16]"
"['矽晶圓', '後段製程之環境特性分析', '半導體公司案例', '：', '清潔生產之先期', '工作']","[1, 8, 13, 15, 20, 22]","['製造', '邁向', '準備']","[2, 16, 21]"
"['國內積體電路產業', '計算產品生命週期環境負荷時之參考數據']","[6, 17]","['提供', '做為']","[1, 2]"
"['製程', '管理措施']","[4, 8]","['良好', '選擇']","[2, 5]"
"['其表面', '機械', '應力', '有', '損傷層']","[1, 3, 7, 10, 14]","['加工', '產生', '形成', '一定']","[4, 5, 9, 11]"
"['化學腐蝕', '表面的損 傷層']","[3, 9]","['採用', '消除']","[1, 5]"
"['表面', '雜質']","[0, 2]",['不易吸附'],[1]
"['表面', '枕形']","[2, 4]","['控制', '不好', '易成']","[0, 1, 3]"
"['成本', '鹼蝕刻']","[1, 4]",['高'],[5]
"['表面', '雜質']","[1, 7]","['粗糙', '易吸', '附']","[3, 5, 6]"
"['目前', '直徑矽晶圓單晶片的加工', '都', '蝕刻製程']","[0, 8, 10, 14]","['大', '採用', '酸']","[2, 11, 12]"
"['蝕刻', '各向', '化學蝕刻製程']","[1, 4, 9]",['酸'],[0]
"['矽晶圓片的酸性蝕刻', '硝酸', '氧化', '表面']","[4, 8, 10, 12]","['利用', '來', '晶片']","[7, 9, 11]"
"[' HF、HNO3、H3PO4混酸', '矽晶圓片', '蝕刻']","[6, 9, 12]","['使用', '進行', '酸']","[0, 10, 11]"
"['其矽晶圓片', '蝕刻', '後表面平坦度變化量']","[2, 4, 9]","['加工', '極其微', '小']","[5, 10, 11]"
"['表面', '此留有', '「', '」']","[1, 4, 7, 9]","['明顯', '']","[5, 6]"
"['了', '表面', '力損傷及這種', '磨削印痕']","[1, 3, 9, 11]",['消除'],[2]
"['若', '矽晶圓片', '弱性', '表面蝕刻']","[0, 3, 6, 10]","['進行', '處理']","[4, 11]"
"['', '製程', '製程相比']","[2, 5, 9]","['用', '蝕刻']","[1, 7]"
"['其', '混酸濃度、蝕刻時間、蝕刻速率及蝕刻', '量都']","[0, 13, 15]","['用', '加工', '小']","[2, 14, 17]"
"['矽晶圓', '光片表面的奈米形貌特性']","[6, 13]","['保證', '加工', '拋']","[0, 3, 7]"
"['34-表', '-1矽晶圓片', '蝕刻製程與鹼蝕刻製程的比較', '參數酸', '製程 鹼蝕刻製程蝕刻特性各向同性各向異性蝕刻反應的熱量放熱吸熱表面平坦度需要依靠晶片旋轉、特製的夾 具、通氣體', '攪拌蝕刻', '等特殊機構及製程手段來', '表面平坦度', '特殊', '便', '達到', '表面平坦', '蝕刻', '粗糙', '  比鹼']","[3, 9, 18, 21, 53, 56, 64, 68, 71, 73, 75, 79, 81, 83, 86]","['蝕刻', '充分', '液', '改善', '其', '需要', '機構', '一定', '', '後表面', '製程']","[22, 54, 57, 65, 66, 70, 72, 76, 77, 82, 88]"
"['晶片', '損傷程度有關', '蝕刻製程大']","[1, 6, 10]","['原有', '比酸']","[2, 7]"
"['晶片', '損傷程度有關', '圓片表面殘留的微粒', '就已存在於', '', '就難去掉']","[1, 6, 12, 17, 21, 26]","['原有', '矽晶', '原先', '']","[2, 7, 13, 21]"
"['矽晶圓片', '半導體元件生產中', '圓片須經']","[1, 6, 10]","['清洗', '矽晶']","[2, 7]"
"['重 金', '金、銅、鐵、鉻']","[4, 12]","['污染', '包括', '屬']","[1, 2, 5]"
"['顆粒', '矽渣、塵埃、細菌', '生物', '膠 體纖維']","[1, 9, 12, 16]","['污染', '包括', '微']","[2, 3, 10]"
"['方法', '物理', '化學', '兩種']","[3, 6, 9, 11]","['清除', '污染', '有', '清洗', '清洗']","[0, 1, 5, 7, 10]"
"['晶片', '劃痕', '損傷']","[0, 3, 5]","['不易', '產生']","[1, 2]"
"['超聲 波', '超聲波聲', '溶液']","[1, 4, 7]","['清洗', '傳入']","[2, 6]"
"['揮發性', '溶劑', '濕乾']","[4, 6, 9]","['高', '進行', '化']","[2, 7, 10]"
"['化學', '了', '原子、離子', '污染']","[0, 4, 9, 12]","['清洗', '去', '不可見']","[1, 6, 10]"
"['溶劑', '酸洗(', '酸', '', '', '種混合酸等', '體法等']","[1, 5, 8, 10, 12, 16, 22]","['有', '萃取']","[0, 2]"
"['方法', '晶片', '成分', 'H2SO4：H2O2=5﹕1或4﹕', '酸性液清洗']","[1, 4, 7, 20, 25]",['比為'],[8]
"['雙氧水體系', '晶片效果']","[2, 5]","['採用', '清洗', '好']","[0, 3, 7]"
"['', '化學溶液清洗晶片']","[2, 7]","['通入', '不同', '清洗']","[0, 1, 3]"
"['純水', '化學酸液後']","[1, 7]","['超', '清洗', '殘留']","[0, 2, 3]"
"['化學清洗站', '噴洗式的化學清洗機']","[5, 10]","['不同', '浸']","[0, 2]"
"['清洗', '化學溶劑', '密閉', '清洗晶片']","[4, 7, 9, 12]","['不同', '用', '通入', '容器']","[2, 5, 8, 10]"
"['隨後', '純水', '晶片', '容器']","[0, 3, 5, 7]","['通入', '超', '洗滌']","[1, 2, 4]"
"['阻值後', '種化學溶液進行']","[5, 12]","['達到', '設定', '通入', '第二', '清洗', '和']","[1, 2, 7, 8, 13, 14]"
"['清洗', '化學溶液時']","[4, 8]","['切換', '不同', '用']","[1, 2, 5]"
['化學溶液'],[4],"['避免', '不同', '交互', '污染']","[1, 2, 5, 6]"
"['IPA蒸發', '分子力']","[3, 7]","['利用', '表面']","[0, 4]"
"['這種全', '容器化學', '系統的設計']","[2, 7, 11]","['密閉', '單', '清洗', '簡單', '新穎']","[4, 5, 8, 13, 15]"
"['化學品', '純水的用量', '成本', '化學', '酸槽']","[2, 6, 8, 10, 12]","['清洗', '用', '清洗', '低', '很多']","[0, 1, 11, 14, 15]"
"['用', '溶液可', '容器內']","[2, 5, 10]","['清洗', '化學', '到達', '清洗']","[1, 3, 7, 8]"
"['全流式', '單容器化學', '系統', ' 下優點：化學溶液用量少可減少超', '用量']","[1, 4, 6, 18, 21]","['密閉', '清洗', '有', '純水']","[2, 5, 7, 19]"
"['晶片', '製程上的一個挑戰']","[4, 12]","['清 ', '洗大', '未來']","[1, 2, 6]"
"['工藝中最', '挑戰']","[6, 9]","['來', '清洗', '']","[2, 3, 8]"
"['省化學清洗', '純水', '化學品的用量', '環境的保護', '發展', '技術要', '']","[3, 5, 9, 14, 18, 21, 23]","['節', '用', '來', '清洗', '']","[0, 4, 17, 19, 23]"
"['液材料', '純度', '雜質', '污染']","[2, 6, 9, 11]","['清洗', '高', '低', '無']","[0, 4, 7, 10]"
"['無氧', '純水', ' 滌', '氧化物']","[1, 3, 5, 10]","['採用', '超', '洗', '避免', '生成']","[0, 2, 4, 7, 11]"
"['單一', '配方', 'RCA不同化學', '清洗效果']","[1, 3, 7, 10]","['開發', '清洗', '達到', '溶液']","[0, 2, 4, 8]"
"['表面', '晶片表面']","[1, 6]","['無', '微', '粗糙']","[0, 2, 3]"
"['程序則', '', '效率高', '大的清洗製程']","[2, 6, 10, 15]","['清洗', '清洗', '循環短', '', '']","[0, 4, 5, 10, 13]"
"['過程', '二階段']","[1, 4]","['清洗', '分']","[0, 2]"
"['矽晶圓片', '投入', '生產中']","[1, 8, 11]","['清洗', '直接', 'IC']","[5, 7, 9]"
"['真空', '充氣', '其包裝口', '處理']","[1, 3, 6, 9]","['採用', '進行', '密封']","[0, 7, 8]"
"['純水系統與水', '拋光製程須', '超']","[4, 8, 10]","['超', '回收', '用到']","[0, 5, 9]"
"['目前大量', '', '聚氟', '亞乙烯材料']","[1, 3, 5, 8]","['採用', '化']","[2, 6]"
"['矽晶圓片在', '時能', '潔淨']","[5, 10, 14]","['了確', '保', '相關', '程序', '嚴格', '', '清洗']","[1, 2, 7, 8, 12, 13, 15]"
"['半導體工廠水', '個', '問題']","[3, 8, 12]","['回收', '利用', '重要']","[4, 6, 10]"
"['半導體材料', '積體電路工廠', '純水系統', '以下系統中的水', '再']","[0, 5, 8, 15, 18]","['超', '進行', '回收', '處理']","[6, 16, 17, 20]"
"['營運成本的方法', '以下方面的問題', '增加反滲透膜', '減少多層過濾器、混床塔、超', '淋洗', '量', '系統的溢流及清洗量其他方面的節水']","[5, 11, 16, 26, 30, 32, 44]","['降低', '生產', '考慮', '採水', '率', '濾', '化學', '']","[0, 1, 7, 17, 18, 27, 34, 38]"
"['高純度化學試劑及高純度氣體管理半導體工業', '化學試劑', '酸、鹼、有機溶劑', '有機物質及氧化物', '五']","[5, 10, 13, 17, 19]","['用', '分為', '大', '類']","[7, 12, 20, 21]"
"['外層', 'U-PVC材質管']","[0, 6]","['採用', '透明']","[2, 3]"
"['鹼化學試劑', '溶劑', '人體', '傷害']","[3, 6, 9, 14]","['酸', '造成', '大']","[1, 10, 12]"
"['以下三大', '氣體供應']","[4, 8]","['包括', '類', '', '系統']","[1, 5, 6, 9]"
"['其輸送管路系統', '內壁', '電解', '處理的SUS316L', '不銹鋼材質管作輸送管線']","[3, 7, 9, 13, 19]","['採用', '拋光']","[6, 10]"
"['半導體', '製程中', '大量各種不同性質的酸、鹼、有機溶劑', '等', '試劑和', '種含有', '', '', '', '', '']","[1, 4, 13, 15, 18, 21, 23, 25, 27, 29, 32]","['生產', '使用', '了', '腐蝕性', '', '產生', '', '氣體']","[2, 5, 6, 22, 27, 30, 32, 33]"
"['晶圓及磊晶圓', '都', '矽晶圓棒的中間部分']","[4, 6, 12]","['生產', '集中']","[0, 7]"
"['長晶製程', '單晶矽晶棒']","[5, 9]","['發展', '為']","[6, 7]"
"['矽晶圓破片資源', '技術', '應用', '生產太陽能電池晶片']","[4, 6, 8, 13]","['造成', '化', '廣泛']","[0, 5, 7]"
"['其型式', '晶矽', '晶矽', '晶矽']","[1, 6, 9, 11]","['分為', '多']","[3, 7]"
"['多種', '排列方向的單晶']","[3, 8]","['不同', '組成']","[4, 9]"
['熔融態的矽'],[3],"['利用', '鑄造', '固化', ' 成']","[0, 4, 5, 7]"
"['其矽的特性', '能源轉換之目']","[5, 11]","['利用', '達成', '']","[1, 6, 9]"
"['矽晶圓再', '矽晶圓片']","[5, 9]","['利用', '破損', '太陽能']","[0, 1, 7]"
"['其', '原理說明', '：將外表破損的矽', '切割成為太陽能電池', '需']","[0, 3, 10, 15, 18]","['製作', '晶圓', '所']","[1, 11, 16]"
"['晶片', '光亮面', '一層', '硼酸與氧化鋁', '混合液']","[2, 6, 9, 13, 16]","['塗上', '配成']","[7, 14]"
"['鋁的作用', '晶片', '冷卻']","[3, 6, 10]","['氧化', '在於', '防止', '擴散', '裂']","[0, 4, 5, 8, 13]"
"['晶片', '後']","[1, 3]",['取出'],[2]
"['氫氟', '其', '過程', '氧化層']","[2, 5, 7, 13]","['加入', '酸', '腐蝕', '擴散', '生', ' 成']","[1, 3, 4, 6, 10, 11]"
"['中所', '矽作為', '太陽能電池之原料']","[8, 12, 17]","['若', '有效', '利用', '廢', '晶圓', '', '生產']","[1, 3, 4, 5, 6, 10, 13]"
"['矽礦', '成本']","[5, 10]","['降低', '開採', '化', '矽']","[2, 3, 7, 8]"
['更環 保之電池'],[8],"['製造', '更', '乾淨']","[2, 3, 4]"
"['一種', '太陽能矽晶圓片的作法', '晶矽鑄造法']","[2, 8, 12]","['製造', '多']","[3, 10]"
"['原料', '過程', '彈性']","[2, 4, 6]","['選用', '缺乏']","[3, 5]"
"['原料成本', '形中']","[1, 4]","['無', '增加', '不少']","[2, 5, 6]"
['業者'],[3],"['有', '回收', '投入', '收集', '利用']","[1, 2, 4, 5, 7]"
"['資源', '廢液', '政府單位']","[2, 7, 10]","['利用', '回收', '受到', '極力推 廣']","[4, 5, 8, 11]"
"['若', '廢水系統']","[0, 6]","['回收', '排入']","[3, 4]"
"['矽晶圓片製程', '廢酸', '硫酸、磷酸、高 濃度氫氟酸及醋酸、硝酸', '氟酸之三成份混酸']","[2, 5, 18, 24]","['產生', '包括', '氫']","[3, 6, 19]"
"['副產品的用途', '考慮']","[5, 10]","['回收', '酸', '特別', '']","[0, 1, 8, 10]"
"['用途', '製程中']","[3, 9]","['回收', '酸', '不外乎', '用於']","[0, 1, 4, 6]"
"['目前', '廠外', '作為', '原料使用']","[0, 4, 8, 12]","['回收', '利用', '化學品']","[5, 7, 9]"
"['資源', '硫酸鹽', '製程之原料']","[3, 8, 12]","['利', '用作為', '相關']","[5, 6, 9]"
"['廢硫酸資源', '技術', '資源', '途徑']","[1, 3, 6, 10]","['化', '化', '利用', '規劃']","[2, 7, 9, 12]"
"['各混凝劑', '廠商', '聚 合物種類型式']","[2, 4, 10]","['製造', '產製', '多']","[3, 6, 12]"
"['其中蝕刻', '濕式法', '乾式法兩']","[1, 3, 6]","['分為', '大', '類']","[2, 7, 8]"
"['半導體', '廢棄物']","[2, 5]",['業產出'],[3]
"['資源', '磷酸鹽', '製程之原料']","[3, 8, 12]","['利用', '作為', '相關']","[5, 6, 9]"
"['磷酸資源', '技術', '資源', '途徑', '規劃']","[2, 4, 7, 11, 13]","['廢', '化', '化', '利用']","[0, 3, 8, 10]"
"['', '鹼性原料發生', '和', '後']","[0, 5, 7, 9]","['不同', '中']","[1, 6]"
['磷酸鹽產品'],[5],"['製造', '不同']","[1, 2]"
['此結晶物溶液'],[4],"['進行', '脫水']","[5, 6]"
['此結晶物溶液'],[4],"['進行', '脫水']","[5, 6]"
['此結晶物溶液'],[4],"['進行', '脫水']","[5, 6]"
"['大部分', '水', '氟系廢水收集']","[0, 3, 7]","['伴隨', '清洗', '排入', '系統']","[1, 2, 4, 8]"
"['其中高濃度氫氟 酸', '事業廢棄物個案', '目的主管機關', '申請']","[3, 8, 15, 17]","['利用', '提出']","[10, 16]"
"['業經', '機構']","[0, 8]","['利', ' 用', '清運', '回收', '利用']","[6, 7, 9, 10, 12]"
"['氟化鈣', '礦物', '熔點之特性']","[0, 3, 7]","['具有', '降低', '相燒結']","[1, 2, 4]"
"['過程中', '廢溶劑']","[4, 8]","['生產', '產生', '不同']","[2, 5, 6]"
"['矽晶圓業', '廢溶劑', '異丙醇、丙酮、乙二醇及甲醇']","[2, 6, 15]","['見', '為']","[4, 7]"
"['廢溶劑資源', '處理方式', '廢溶劑', '處理後', '', '處 理', '輔助燃料']","[5, 8, 11, 14, 17, 19, 23]","['見', '化', '分為', '回收', '利用', '焚化', '作為']","[2, 6, 10, 12, 16, 18, 21]"
"['廢溶劑', '處理', '一般廢有', '廢氣', '兩', '類']","[0, 2, 7, 12, 14, 16]","['回收', '利用', '可', '分', '廢液']","[1, 4, 9, 10, 13]"
"['廢溶劑', '處理方式', '氣態回收及液態', '處理']","[0, 3, 9, 11]","['回收', '分為', '回收']","[1, 5, 10]"
"['氣態廢溶劑', '處理方式']","[2, 5]","['有關', '回收', '彙整', '如下']","[0, 3, 6, 7]"
['所得之溶劑'],[2],"['回收', '利用']","[4, 6]"
"['溶劑', '法 溶劑吸收法', '於', '作業場合']","[0, 5, 7, 15]","['吸收', '適用', '連續', '濃度', '廢氣']","[1, 6, 8, 11, 12]"
"['過程', '流動狀態']","[1, 4]","['吸附', '改為']","[0, 2]"
['溫度'],[3],"['降低', '起燃']","[1, 2]"
"['溶劑', '量節省 能源']","[1, 9]","['轉換為', '熱', '大']","[2, 3, 6]"
"['載體', '空 間', '本身', '氣流阻力', '', '表面', '粉塵', ' 塞物者']","[0, 4, 7, 12, 14, 16, 23, 26]","['需', '自由', '大', '磨損', '小', '小', '積', '大', '不易', '產生', '堵']","[1, 2, 5, 8, 9, 13, 17, 18, 20, 21, 24]"
"['P為', '圖5.3-4催化燃燒法', '廢氣P', ' 餘熱利用燃料空氣催化床預熱室 熱交換器-59-綜合上述各類氣態廢溶劑', '技術之優缺點', '如表5.3-2']","[3, 11, 14, 34, 38, 45]","['備註', '鼓風機', 'P', '排氣', '回收', '比較', '彙整']","[0, 4, 15, 16, 35, 39, 40]"
['氯 化合物'],[4],"['回收', '含']","[1, 2]"
[],[],"['回收', '利用']","[1, 3]"
"['液態廢溶劑', '處理方式廢溶劑之妥善處理方式', '以資源', '策略']","[1, 9, 12, 15]","['回收', '當']","[2, 10]"
"['前者', '化學物品', '主要']","[1, 6, 11]","['係', '回收', '利用', '為']","[2, 7, 9, 10]"
"['廢溶劑', '技術及建立', '操作及', ' 制參數', '重點']","[6, 10, 14, 17, 19]","['維持', '混合', '均勻', '摻配', '穩定', '控', '乃為']","[2, 3, 4, 7, 11, 15, 18]"
"['廢溶劑', '物質回收方式', '途徑']","[0, 4, 9]",[],[]
"['循環', '以廢溶劑作為', '度', '脫脂、剝離舊', '', '機具', '簡單過']","[0, 5, 7, 12, 14, 16, 19]","['利用', '清洗', '清洗', '後']","[2, 8, 15, 21]"
"['廢溶劑中各', '成分分離乃', '方式']","[4, 9, 14]","['混合', '不同', '最', '']","[1, 5, 11, 13]"
"['廢 溶劑', '主成分外']","[2, 6]",[],[]
"['蒸餾', '異丙醇純度']","[2, 7]","['回收', '來', '低']","[3, 9, 11]"
"['廢溶劑', '處理業者而言']","[2, 6]",['回收'],[3]
"['每批次', '廢溶劑', '百分', '變化']","[2, 6, 10, 12]","['取得', '組成', '不定']","[4, 8, 13]"
"['這', '廢溶劑', '蒸餾法', '原化學 品', '原因']","[0, 2, 6, 10, 12]","['回收', '主要']","[7, 11]"
['純度溶劑'],[4],"['回收', '高', '困難']","[1, 2, 6]"
['主成分中之80％是極易經'],[9],"['欲', '回收', '蒸餾']","[0, 1, 11]"
['20％'],[7],"['回收', '殘存']","[3, 4]"
"['在於', '率低', '高']","[0, 3, 6]","['回收', '則']","[1, 4]"
"['廢溶劑傾析', '卻蒸餾', '乾燥污泥', '泥添加劑排水混和乾燥回收溶劑圖5.3-5有機混合廢溶劑', 'a.整體', '：本法適合量大且可', '全廠', '自動化', '系統規劃']","[1, 4, 8, 24, 29, 36, 40, 43, 46]","['冷', '塔底污', '蒸餾', '流程', '回收', '工廠', '回收']","[2, 9, 25, 27, 30, 41, 44]"
"['其', '原理', '溶劑廢氣部分之相 關處理方法', '圖5.3-', '5.3', '4）']","[0, 2, 12, 19, 22, 25]","['回收', '類', '似']","[1, 13, 14]"
['成本'],[2],"['降低', '製造']","[0, 1]"
"['簡易', '裝置此法為最簡單', '裝置']","[0, 8, 11]","['回收', '', '回收']","[1, 8, 10]"
"['廢溶劑', '後']","[2, 4]",['收集'],[3]
"[' 場', '簡易型的溶劑', '裝置', '蒸餾', ' 收']","[2, 7, 9, 12, 14]","['回收', '加溫', '簡單', '回']","[8, 10, 11, 13]"
['溶劑'],[2],"['回收', '使用']","[0, 5]"
"['量', '設備容量']","[2, 5]","['回收', '限於']","[1, 3]"
"['圖5.3-6廢溶劑簡單', '回收裝置C.', '精餾法', '廢溶劑常會形成共沸物']","[5, 9, 11, 18]","['萃取', '含水', '']","[10, 12, 13]"
"[' 其與水分', '成分間之作用']","[4, 9]","['利用', '力不同']","[0, 10]"
"['溶劑', '入口', '上端']","[2, 4, 9]","['新鮮', '加', '進料口']","[0, 3, 8]"
"['溶劑', '裝置']","[1, 3]","['送入', '回收']","[0, 2]"
"['整個流程中', '溶劑', '循環']","[3, 5, 7]","['新鮮', '係', '再生', '利用']","[4, 6, 8, 9]"
"['精餾裝置', '5.3-', '所示']","[2, 6, 9]","['萃取', '圖']","[0, 4]"
"['廢溶劑', '操作方法']","[3, 7]","['用於', '回收']","[2, 4]"
"['某一成 分溶解', '薄膜中']","[5, 9]","['包括', '進入']","[0, 7]"
"['各種', '溶質', '其', '性差異', '分離']","[1, 3, 6, 9, 12]","['不同', '擴散']","[2, 7]"
"['臨界流體之優 異', '性能', '天然物', '研究']","[5, 7, 13, 16]","['超', '萃取', '早', '應用', '萃取']","[0, 6, 9, 11, 14]"
"['傳統分離程序', '無法', '效能']","[4, 6, 9]","['提供', '']","[1, 8]"
"['超臨界流體', '廢溶劑', '下 述幾項特點：', 'CO2為萃取劑']","[2, 5, 12, 17]","['利用', '作為', '萃取', '有']","[0, 3, 4, 6]"
"['製程', '低溫操作']","[0, 4]",[],[]
"['少量', '溶劑', ' 物性']","[2, 4, 6]","['添加', '調整']","[1, 5]"
['機制'],[1],"['萃取', '不清楚']","[0, 3]"
"['廢溶劑', '處理由於廢溶劑', '回收', '有其', '限制']","[0, 4, 6, 10, 12]","['焚化', '次級品', '應用']","[1, 8, 11]"
"['資源', '方式之外', '處理方式']","[4, 7, 13]","['考慮', '回收', '化', '其他']","[2, 3, 5, 10]"
"['廢溶劑', '噴嘴霧', '液滴']","[0, 2, 5]","['通過', '化為', '細小']","[1, 3, 4]"
"['旋流', '直流方式']","[2, 5]","['採用', '燃燒']","[1, 6]"
"['廢溶劑', '高溫內']","[1, 4]","['使', '充分', '燃燒']","[0, 5, 6]"
"['後氣體', '燃燒器的高溫區']","[2, 7]","['轉化', '通過', '後置', '進行', '燃', ' 燒']","[0, 3, 4, 8, 10, 11]"
"['廢溶劑', '水泥窯輔助燃料以廢溶劑作為', '泥', '輔助燃料']","[0, 9, 11, 15]","['作為', '窯']","[1, 12]"
"['設備', '後']","[1, 3]","['經過', '擴充']","[0, 2]"
"['以', '作為', '實廠操作']","[1, 3, 8]","['進行', '輔助', '燃料']","[0, 4, 5]"
[],[],"['進行', '處理']","[1, 2]"
"['廢有機溶劑', '燃煤', '其他燃料時']","[2, 5, 9]","['採用', '取代']","[1, 4]"
"['各界 ', '']","[2, 5]","['作為', '利用', '參考依循']","[0, 4, 6]"
"['廢溶劑', '技術及用途']","[0, 6]","['利用', '成熟']","[2, 9]"
"['', '規定辦理']","[4, 8]","['相關', '利用']","[3, 6]"
"['機構', '功能之貯槽及燃料噴霧', '設備']","[2, 11, 13]","['利用', '具備', '攪拌']","[1, 4, 5]"
"['無機污泥特性與產源於長晶', '過程', '產生', '由於加工過程', '使用不同', '酸鹼蝕刻']","[7, 9, 12, 17, 21, 25]","['泥', '研磨劑', '']","[14, 22, 23]"
"['（以上單晶', '污泥、矽原料酸蝕', '', '蝕刻', 'CaCl2或', ')2 中和', '後則', '產生', '2 污泥']","[2, 7, 9, 11, 15, 19, 22, 24, 27]","['酸', '經']","[10, 13]"
"['整體污泥', '考量']","[5, 9]","['利用', '做']","[7, 8]"
['時的溫度'],[3],"['製造', '高']","[0, 5]"
"['鈣污泥', '做為', '製造', '熔劑之用']","[3, 7, 10, 14]","['氟化', '提供', '水泥', '']","[1, 6, 8, 10]"
['目前國內'],[2],"['無', '利用', '實績']","[4, 6, 7]"
"['水泥原料純的Si', '分成無定形體']","[8, 13]","['利用', '可']","[1, 9]"
"['其資源', '過程', '圖5.4-', '所示']","[1, 3, 7, 10]",['化'],[2]
"['陶瓷時之柵板柵板是在燒', '坯體']","[11, 16]","['利用', '燒製', '放置', '耐火板']","[1, 3, 14, 17]"
"['磚塊原物', '由於無機性污', '主要', '', '原', '相似']","[4, 8, 10, 12, 14, 16]","['利用', '料', '成分']","[1, 5, 11]"
"['其', '方式', '污泥', '製磚用土中', '資源', '方法']","[0, 3, 6, 11, 13, 18]","['利用', '係', '使用', '摻配', '作為', '利', ' 用']","[2, 4, 5, 7, 12, 15, 16]"
"['', '原理']","[1, 4]","['利用', '為', '燒結', '資源化']","[3, 5, 6, 7]"
"['高溫操作條件', '物質趨於']","[3, 6]","['利用', '使', '穩定', '化']","[0, 4, 7, 8]"
"['其資源', '過程', '圖5.4-', '所示']","[1, 3, 7, 10]",['化'],[2]
"['人工骨材原物', '再利用機構', '廢棄物', '人工']","[5, 9, 12, 15]","['利用', '料', '將', '再']","[1, 6, 11, 13]"
"['此型廢油', '強度', '其原液與水', '例', '相當']","[2, 4, 9, 12, 16]","['污染', '稀釋', '不同', '有', '大', '差異']","[3, 10, 13, 15, 17, 18]"
"[' 真溶液', '表面活性劑兩種']","[3, 7]","['分為', '含']","[0, 4]"
"['機械', '切削', '切削加工兩種']","[1, 6, 11]","['加工', '分為', '非', '加工']","[2, 4, 5, 7]"
"['切削', '鑄造', '輥軋、', '', '焊接、表面輥壓及 磨光、電解研磨與化學研磨']","[1, 5, 9, 11, 25]","['加工', '涵蓋', '鍛造', '拉製', '擠製']","[2, 3, 6, 10, 12]"
"['切削', '刀具切削', '車削、平面', '拉 孔、銑、搪孔、鑽孔及絞孔', '磨料切削', '研磨、搪磨、缸筒研磨、噴粒']","[0, 5, 10, 21, 26, 36]","['加工', '涵蓋', '刨削']","[1, 3, 11]"
"['切削', '切削油之標準']","[1, 9]","['加工', '無', '選用']","[2, 4, 5]"
"['油', '情況']","[4, 8]","['降低', '切削', '劣化', '廢棄', '產生']","[2, 3, 5, 6, 9]"
"['其', '：節省切削油', '費用', '切削油的處理成本', '物件之不良率', '系統清洗', '', '影響', '下降的損失等']","[0, 7, 10, 17, 24, 28, 30, 33, 39]","['經濟', '效益', '包括', '購買', '降', '低', '低', '加工', '機具', '頻率', '低停機', '生產', '力 ', '', '效益']","[1, 2, 3, 8, 11, 12, 19, 20, 26, 29, 32, 34, 35, 37, 41]"
"['以下措施：採購穩定性較佳之切削油', '品質切削油之乳化', '較高']","[9, 14, 17]","['包括', '採取', '', '高', '穩定性']","[0, 1, 8, 10, 15]"
"['過濾設備以', '中的金屬屑']","[6, 12]","['採用', '適宜', '丟除', '油']","[1, 2, 8, 9]"
"['資源', '方式切削油在使用', '因', '混入']","[0, 5, 8, 11]","['化', '會']","[1, 7]"
[],[],"['難', '純化', '回收', '利用']","[1, 3, 4, 6]"
"['些工廠', '後', '處理方式']","[2, 6, 10]","['有', '採用', '蒸發', '濃縮', '委外']","[0, 3, 4, 5, 8]"
"['但', '上應', '」', '」', '不同的處理技術']","[0, 3, 8, 12, 17]","['分為', '「', '']","[5, 6, 15]"
"['技術', '離物的物理特性']","[1, 9]","['分離', '利用', '欲', '分']","[0, 3, 4, 5]"
"['濾技術', '濾', '切削油的固態雜質']","[2, 6, 14]","['利用', '材', '來', '濾']","[5, 7, 8, 9]"
"['切削油的貯存槽', '固體雜質之沉澱槽']","[6, 11]","['利用', '收集', '做為']","[2, 3, 7]"
"['機器', '粉屑的切削油']","[3, 8]","['讓', '加工', '流', ' 出含']","[0, 2, 4, 5]"
"['貯存槽中', '方式']","[2, 6]","['利用', '靜置', '沉澱']","[3, 4, 5]"
"['貯槽內', '可', '濾網收集', '以', '粉屑']","[3, 6, 10, 12, 17]","['利用', '置', '放', '籃', '清除', '沉澱', '']","[1, 4, 5, 11, 14, 15, 16]"
['自然重力'],[4],"['利用', '沉澱', '除']","[2, 5, 7]"
"['同樣', '不同的性質進行', '分離']","[0, 6, 10]","['利用', '比重', '', '不同', '轉速', '']","[1, 2, 4, 7, 8, 9]"
"['內、外槽體', '水力旋流分離器 離心機加壓浮除器楔線濾筒 濾網  濾袋 誘導重力貯存槽沉澱槽 矽藻土之助濾劑 捲筒', ' 纖維素之助濾劑 濾網  濾袋 濾帶 矽藻土之助濾劑 捲筒濾紙 濾心  濾袋 永久型濾材可棄式濾材永久型濾材可棄式濾材靜置重力真空壓力過濾 真空磁力 磁力分離粒子去除-82-產生的離心力']","[4, 29, 75]","['不同', '轉速', '濾紙']","[5, 6, 30]"
"['其', '效率', '30~70百分比間']","[0, 2, 9]","['回收', '介於']","[1, 3]"
"['廢酸中分離', '較', '酸']","[5, 7, 10]","['混合', '回收', '']","[1, 6, 9]"
"['目前', '廢酸的技術', '：薄膜', '分離、離 子', '樹脂', '溶劑']","[0, 9, 12, 18, 20, 23]","['應用', '來', '回收', '混合', '有', '擴散', '透析', '交換', '吸附', '萃取']","[3, 4, 5, 6, 10, 13, 14, 19, 21, 24]"
"['薄膜', '技術', '率']","[0, 2, 4]","['分離', '回收', '高']","[1, 3, 5]"
['純度的純酸'],[6],"['回收', '高', '']","[2, 3, 5]"
['濃度的廢酸'],[7],"['用於', '回收', '低']","[2, 3, 4]"
"['溶劑', '循環']","[0, 4]","['萃取', '具有', '密閉']","[1, 2, 3]"
"['成本', '優勢']","[1, 5]",['低'],[3]
"['能斯特', '律', '溶劑', '化學', '律']","[0, 3, 5, 8, 12]","['分配', '定', '萃取', '定']","[1, 2, 6, 11]"
"['率E表示萃取', '程度']","[8, 10]","['萃取', '', '完全']","[3, 8, 9]"
"['機物', '體系', '三類﹕螯合物萃取這是', '類由螯合劑', '萃取', '形成', '', '而', '萃取']","[1, 3, 12, 17, 20, 22, 24, 27, 31]","['無', '萃取', '分成', '一', '螯合物', '被', '有機溶劑']","[0, 2, 5, 13, 25, 28, 29]"
"['溶劑', '體系']","[3, 6]",['萃取'],[4]
"['其中', '溶劑配位', '合物', '高分子 胺']","[0, 4, 6, 10]","['形成', '化', '萃取', '萃取', '重要']","[2, 5, 7, 11, 13]"
"['其', '應為', '   Mn+ + nNO3－ + sTBP ←→ M(NO3)n․sTBP(o)   s (o) n 3  (o) n 3 ex ] TBP [ ] NO ][ M [  ] sTBP ) M(NO [ K − ⋅ =    由', ' Kex [M(NO3)n．TBP](o)/[M]可以導出', ' lgKex + nlg[NO3 －]  + slg[TBP]由上式可見']","[0, 3, 9, 17, 26]","['萃取', '反', '﹕', ' D', '＝']","[1, 2, 4, 12, 20]"
"['螯合', '體系']","[1, 3]","['萃取', '相比']","[2, 4]"
"['離子締合', '對', '依賴性很']","[1, 4, 8]","['萃取', '體系']","[2, 3]"
[],[],"['使', '萃取', '率降低']","[0, 1, 2]"
"['溶劑', '含氧萃取劑和', '磷萃取劑']","[0, 6, 9]","['化', '萃取', '中性']","[1, 2, 7]"
"['其', 'H原子所具有的', '受體 ']","[1, 8, 11]","['利用', '連接', '電子', '特徵']","[0, 2, 9, 12]"
"['溶劑', '中性分子']","[1, 6]","['通過', '化', '萃取', '屬']","[0, 2, 3, 4]"
"['不易水解', '水 中', '度', '', '容量', '', '例', '常見溶劑', '優點']","[3, 6, 8, 10, 12, 14, 18, 21, 23]","['具有', '溶解', '小', '萃取', '高', '溶於']","[0, 7, 9, 11, 13, 19]"
"['應用', '硝 酸、硫酸介質中', '稀土', '離子']","[0, 7, 10, 12]","['萃取', '相關']","[8, 11]"
"['微量組分', '組分']","[4, 6]","['進行', '萃取']","[5, 7]"
['金屬鹵錯合陰離子的 鹽'],[7],"['利用', '萃取']","[1, 8]"
"['微量元素的 共', '現象', '分離微量元素']","[4, 6, 12]","['引起', '萃取', '來', '富集']","[0, 5, 7, 8]"
"['溶劑', '技術來']","[3, 6]","['應用', '萃取', '回收']","[2, 4, 7]"
"['廢酸的回收', '一成分廢酸', '技術']","[2, 7, 11]","['回收', '純化', ' 多']","[8, 9, 13]"
"['以下', '其應用', '矽晶片製造業廢混酸的溶劑萃取']","[0, 4, 13]","['介紹', '回收', '技術']","[2, 6, 14]"
"['案例利用', '萃取', '來', '圓片廠化學蝕刻的廢混酸']","[3, 5, 7, 14]","['溶劑', '技術', '回收', '矽晶']","[4, 6, 8, 9]"
"['溶劑性的萃取劑', '廢混酸中', '純無機酸']","[3, 9, 11]","['具', '利用', '來', '回收']","[0, 5, 6, 10]"
"['無機酸的溶劑', '機制基於', '在', '', '不同的溶解度']","[2, 5, 7, 9, 14]","['萃取', '機相', '']","[3, 11, 13]"
"['金屬離子的溶劑', '是', '在', '中的不同溶解']","[4, 8, 11, 16]","['萃取', '其', '度']","[5, 10, 17]"
"['金屬離子', '選擇性萃 取']","[4, 8]","['不同', '具有', '高']","[2, 5, 6]"
"['機酸的溶劑', '特性及分離係數', '金屬離子']","[3, 8, 12]","['無', '萃取', '不上']","[0, 4, 10]"
"['多段溶劑', '效果']","[5, 11]","['利用', '萃取', '加強', '其分離', '純化']","[2, 6, 8, 9, 10]"
"['論段數', '計算', '麥－泰分析法作圖確']","[4, 7, 14]","['萃取', '需', '理', '用']","[0, 2, 3, 6]"
"['設備的設計溶劑萃取', '離子或', '從', '到', '一相的傳遞過程']","[5, 9, 11, 13, 19]","['萃取', '包含', '金屬']","[0, 6, 7]"
"['資源', '成效利用溶劑萃取', '分離', '矽晶圓片業']","[0, 5, 7, 10]","['化', '技術', '純化', '產生']","[1, 6, 8, 11]"
"['廢混酸的溶劑', '分離']","[2, 4]","['萃取', '純化']","[3, 5]"
"['磷 酸三丁酯', '分離', '硝酸及氫氟酸']","[2, 7, 11]","['用於', '萃取', '純化']","[5, 6, 8]"
"['溶劑', '分離']","[2, 4]","['應用', '萃取', '純', '化成', '純酸']","[1, 3, 5, 6, 8]"
"['每一種酸經', '洗滌、', '個程序後分離純化', '醋酸、', '', '濃度分別', '6、6', '/L']","[3, 7, 14, 18, 20, 24, 30, 33]","['萃取', '', '三', '後', '2']","[4, 7, 9, 15, 26]"
"['三段逆流', '水相1.72mol/L的醋酸萃取至', ' 1', '/L']","[4, 16, 20, 22]","['採用', '萃取', '有', ' 成', 'mol']","[1, 5, 17, 19, 21]"
"['硝酸', '能力', '醋酸']","[2, 5, 7]","['萃取', '大於']","[4, 6]"
"['混酸的萃取', '溫線顯示', '單一']","[3, 6, 8]","['廢', '各', '萃取', '能力']","[0, 7, 10, 11]"
"['', '濃度及流程中之質量']","[3, 11]","['為', '增加', '萃取', '平', ' 衡', '平衡']","[0, 1, 2, 4, 5, 12]"
"['三段逆流', '水相的硝酸', '機相', '4mol/L']","[4, 10, 14, 18]","['採用', '萃取', '萃取', '有', '成']","[1, 5, 11, 13, 15]"
"['最後', '水相中的硝酸濃度', '6mol/L']","[0, 7, 10]","['回收', '為']","[1, 8]"
"['四段逆流', '水相6mol/L的氫氟酸萃取至', '2.3', '/L']","[3, 16, 20, 22]","['採用', '萃取', '原', '有', '成', 'mol']","[1, 4, 7, 17, 19, 21]"
"['シリコソウエハ—', '工程で', 'されゐ廢酸からの酸の分離．回收']","[4, 7, 17]","['製造', '排出']","[5, 8]"
"['エハ—', '工程で', 'されゐ廢酸からの 酸の分離．回收']","[3, 6, 19]","['製造', '排出']","[4, 7]"
"['圖', '-1矽晶', '化學蝕刻廢混酸之溶劑萃取流程及質量', '醋酸', '硝酸', '醋酸脫除醋酸萃取', '洗滌硝酸脫除氫氟酸', '中和廢混酸1200', '/天3段', '/A=1.710', 'O/A=', '3段O/A', '2.01200升', '天 200', '/天 回收醋820', '/天 水1200升/天 溶劑EHA2040升/天 3段O/A=2.010段O/A=10.0300升/天 98%硝酸24升/天 水1300升/天 5段O/A=2']","[0, 4, 14, 16, 18, 23, 29, 34, 39, 45, 50, 56, 60, 63, 69, 118]","['平衡', '洗滌', '硝酸', '萃取', '升', 'O', ' 段', '10.0', '=', '升', '升']","[15, 19, 24, 30, 35, 40, 46, 51, 57, 64, 70]"
"['一系列', '', '脫硫的程序']","[3, 5, 10]","['萃取', '洗滌']","[4, 6]"
"['混合靜制設備', '高', '溶劑']","[4, 9, 12]","['利用', '有機', '選擇性']","[0, 7, 10]"
"['用的溶劑可以', '損耗量']","[4, 8]","['萃取', '', '']","[0, 2, 7]"
"['過去溶劑', '技術', '用於', '冶煉銅廠外']","[1, 3, 8, 12]","['萃取', '廣泛', '濕法']","[2, 6, 9]"
"['資源', '', '經濟的層面考量']","[2, 4, 9]","['永續', '循環']","[3, 5]"
"['國內電子業', '廠內', '案例']","[3, 6, 9]","['為', '進行', '回收']","[1, 4, 7]"
['溶劑'],[2],"['回收', '進行', '純化']","[1, 3, 4]"
"['本案例', '廢異丙醇', '說明']","[2, 5, 7]","['回收', '如下']","[6, 8]"
"['重力沈降、過濾', '等', '進行', '處理']","[6, 8, 10, 12]","['採用', '浮除', '前']","[1, 7, 11]"
"['電子', '產業', '廢異丙醇水溶液均', '純化']","[3, 5, 13, 18]","['相關', '產生', '進入', '製程']","[4, 7, 16, 17]"
['廢溶 劑'],[3],"['回收', '利用']","[4, 6]"
"['資源', '成效本案例D 廠', '經濟效益考量']","[0, 7, 11]","['化', '基於']","[1, 8]"
"['資源', '產品', '其他工業製程']","[0, 2, 7]","['化', '提供', '使用']","[1, 4, 8]"
"['廢溶劑', '多種溶劑時回收之溶劑較', '價值']","[1, 10, 14]","['若', '摻雜', '', '經濟']","[0, 2, 8, 13]"
"['機構', '前處理步驟']","[3, 7]","['利用', '適當']","[2, 4]"
"['廢溶劑', '再']","[3, 6]","['有', '利於', '回收']","[1, 2, 4]"
"['本案例', '丙酮', '說明']","[2, 5, 7]","['廢', '回收', '如下']","[4, 6, 8]"
"['製程', ' 廠', '廢溶劑', '處理前']","[0, 2, 5, 8]",['回收'],[6]
"['重力沈降方式', '前']","[4, 6]","['採用', '進行', '處理']","[1, 5, 7]"
"['簡易', ' 餾/分餾方式']","[2, 10]","['回收', '設備', '進行', '蒸', '回收']","[3, 4, 5, 6, 12]"
"['其', '原理', '各物質之沸點', '', '特有的氣液平衡', '來', '目的']","[0, 2, 8, 10, 15, 17, 21]","['利用', '不同', '關係', '分離']","[4, 9, 16, 19]"
"['率', '80～95％左右']","[1, 7]","['回收', '達']","[0, 2]"
"['溶劑', ' 洩漏']","[1, 5]","['擴散', '不易', '發生']","[2, 7, 8]"
"['廢溶劑', '後之殘渣', '輕易', '處理']","[0, 4, 6, 8]","['處理', '取出']","[1, 7]"
"['其它', '各種', '溶劑都']","[2, 6, 10]","['添加', '用', '進行', '回收']","[7, 8, 12, 13]"
"['資源', '成效E廠某一生產線收集之廢溶劑平均', '日約', '公斤']","[0, 11, 14, 16]","['化', '每', '50']","[1, 12, 15]"
['分離'],[3],"['做', '回收', '利用']","[2, 4, 6]"
"['溶劑簡易', '裝置', '率', '80%', '%', '%']","[1, 3, 5, 10, 13, 15]","['回收', '回收']","[2, 4]"
"['該生產線每年廢溶劑', '85％時之實際', '為', '元/年']","[4, 10, 13, 17]","['回收', '利', '益', '631,020']","[5, 11, 12, 14]"
"['此', '決定', '在', '製程中重要的撓曲性質']","[0, 2, 5, 12]","['了', '晶圓', '']","[3, 4, 10]"
"['晶圓', '製程的品質與成本', '關鍵因素']","[0, 6, 11]","['佔有', '重要']","[7, 8]"
"['晶棒內圓周內', '鑽石粒的鑽石刀具進行']","[7, 15]","['採用', '貼', '附', '切割']","[2, 8, 9, 16]"
"['線鋸', '方式', '技術優勢']","[0, 3, 7]","['切割', '更', '具有']","[1, 4, 5]"
"['線鋸切割可', '模式：一為', '另', '為游離磨', '鋸切']","[2, 9, 14, 18, 20]","['分為', '加工', '磨粒', '鋸切', '粒', '方式']","[3, 5, 11, 12, 19, 21]"
"['其中', '磨粒鋸切方式', '鋼線上', '電鍍', '硬銲', '方式']","[0, 4, 8, 12, 14, 16]","['固定', '利用', '燒結']","[1, 9, 10]"
"['鑽石', '鋼線上']","[1, 5]","['固定', '進', '進行', '切割']","[2, 6, 8, 9]"
"['磨料', '工件間', '磨削運動']","[1, 4, 9]","['進行', '相對']","[5, 6]"
"['切削劑', '泵浦', '方式', '切割機上的切削線']","[0, 2, 4, 11]","['汲取', '均勻', '淋']","[3, 5, 6]"
"['油應 ', '需求']","[3, 8]","['要求', '切削', '回收', '利用', '增加']","[0, 1, 4, 6, 11]"
"['磨料與切削油', '一個重要的課題']","[3, 13]","['發展', '回收', '使用', '成為', '']","[0, 4, 6, 8, 12]"
"['製程運轉費用', '', '重複']","[4, 6, 9]","['降低', '切削油', '使用']","[1, 8, 10]"
"['本系統', '磨料、矽及油三者比重', '性質', '轉速的分離']","[1, 9, 12, 17]","['利用', '不同', '進行', '不同', '']","[2, 10, 13, 14, 16]"
"['內、外 槽體', '離心力']","[5, 10]","['利用', '不同', '轉速', '產生']","[0, 6, 7, 8]"
"['每 次', '磨料', '切削油中', '矽含量']","[2, 5, 8, 13]","['換算', '回收', '殘留']","[0, 3, 11]"
"['系統', '矽量']","[5, 7]","['使', '回收', '含', '過多']","[2, 3, 6, 10]"
"['列舉', '原則', '事項']","[0, 4, 6]","['相關', '注意']","[1, 5]"
"['設備', '系統之作業程序及預定進度']","[3, 11]","['規劃', '完整', '選用']","[0, 1, 4]"
"['第二階段', '資源', '系統實驗規劃評估流程']","[1, 3, 9]",['化'],[4]
"['其', '資源', '方案']","[1, 5, 7]","['找出', '應用', '化']","[0, 3, 6]"
"['以', '化', '建議']","[0, 4, 7]","['提供', '資源', '技術']","[2, 3, 5]"
"['資源', '方案']","[4, 6]","['找出', '應用', '化']","[0, 2, 5]"
"['資源', '方案']","[4, 6]","['重要', '化']","[2, 5]"
"['實驗', '資源', '流程的可行 性']","[1, 3, 8]","['確認', '化']","[2, 4]"
"['適用性研究', '廢棄物品質分析', '工廠處理經驗', '資源', '可行性實驗、綜合', '', '建議', '實際']","[1, 6, 11, 14, 19, 21, 24, 26]","['類', '蒐集', '化', '計畫']","[7, 12, 15, 27]"
"['106-由於', '資源', '評估作業', '較為複雜']","[3, 6, 10, 13]","['技術', '程序']","[8, 11]"
"['技術', ' 問單位', '工廠的立場', '處理方式']","[0, 3, 10, 15]","['顧', '站', '選擇', '適當']","[1, 6, 11, 12]"
"['資料之後', '工程']","[2, 5]","['取得', '進行', '化']","[0, 4, 6]"
"[' 效', '建廠後', '風險']","[4, 7, 12]","['有', '降低', '運轉', '順利']","[2, 5, 8, 10]"
"['資源', '方案']","[5, 7]","['研提', '行', '化']","[1, 3, 6]"
"['內容', '可行性試驗、設備', '規格、人員 訓練與試車']","[0, 5, 13]","['包括', '詳細']","[1, 6]"
"['技術觀點', ' 工廠']","[3, 5]","['提供', '具體意見']","[4, 6]"
"['可行性試驗', '工作']","[3, 7]","['繼續', '協助', '相關', '進行']","[0, 1, 5, 8]"
"['評核', '廠商', '系統配置圖、', '流程圖']","[0, 2, 8, 10]","['得標', '提供', '製造']","[1, 4, 9]"
"['程序相關購置回收', '各階段工作內容說明如下：訂定', '工廠應', '本身的需求訂定回收', '說明書']","[5, 15, 21, 27, 30]","['設備', '選用', '系統', '', '回收', '說明書', '依']","[0, 1, 6, 7, 16, 19, 22]"
"['內容', '系統', '需', '功能要求']","[0, 3, 5, 9]","['載明', '回收', '']","[1, 2, 7]"
"['工廠之技術人員', '系統', '說明書']","[3, 7, 9]","['負責', '擬定', '回收', '採購']","[4, 5, 6, 8]"
"['D.採訪類似', '', '或製造商']","[3, 6, 9]","['回收', '系統', '', '供應商']","[4, 5, 6, 7]"
"['圖 7.2', '1資源化', '評估流程背景資料蒐集廢棄物', '擬定資源化流程流程', '是否', '評 估 研 究 建 ', '是否', '研究流程評估', '參數是', '估', ' 究 建 議 書 ', '否進行評估研究 設 計 參', '評 估研究', '設計', '用概估', '細部', '費用', '招標發包工程', '硬體', '協助', '工程驗收指導試車', '驗收', '運轉', '中止中止', ' 否否 ', '是 否', '是性能試車-110 -審核回收系統', '設計書']","[1, 5, 12, 18, 20, 26, 30, 35, 39, 43, 47, 55, 61, 64, 67, 71, 74, 78, 80, 83, 88, 90, 92, 95, 100, 103, 113, 115]","['設備', '問題', '效果', '確定', '書 ', '進行', '評估', '研究', '設計', '評 ', ' 研', '是', '取', '基本', '工程', '設計', '估算', '造', '試', '車', '監造', '中止', '是', '是', '規劃']","[6, 13, 19, 21, 28, 31, 32, 36, 37, 42, 44, 48, 58, 62, 70, 72, 75, 79, 81, 82, 84, 93, 97, 98, 114]"
"['式回收', '主要', '可能', '', '控制', '', '', '', '校正系統、過濾器、攪拌', '定量', '設備', '設備', '洗眼器及淋浴器']","[3, 6, 8, 11, 14, 16, 18, 20, 28, 31, 34, 37, 43]","['濕', '系統', '泵']","[1, 4, 10]"
"['行性試驗', '系統', '預期之處理功能']","[3, 7, 14]","['回收', '達到']","[6, 10]"
"['廠內', '保證']","[2, 5]","['提供', '確實']","[0, 3]"
"['廠內製程', '修改工作']","[3, 7]","['進行', '必要']","[0, 4]"
"['因應', '設置']","[1, 5]","['回收', '系統']","[2, 3]"
"['回收系統設置及備用零件', '系統之備用零件應', '系統未設置前', '備妥']","[5, 12, 17, 20]","['', '回收', '', '在']","[3, 7, 9, 13]"
"['系統供應商有', '提供', '備用', '清單']","[4, 6, 8, 10]","['回收', '必要', '廠方', '零件']","[1, 5, 7, 9]"
"['供應商', '備用零件種', '數量']","[1, 6, 9]","['提供', '類', '超', '過', '需要']","[2, 7, 10, 11, 13]"
"['此方面廠方可', '種類', '工廠請教']","[4, 11, 16]","['相', '回收', '系統']","[8, 12, 13]"
"['經驗', ' pH 計及一 些', '零件', '設備', '備品']","[2, 7, 9, 13, 17]","['控制', '攪拌', '更', '準備']","[8, 12, 14, 16]"
"['設備', '資料', '清單中']","[3, 5, 8]","['相關', '納入']","[4, 6]"
"['其', '電機機械設備、', '材料設備、尺 寸及其', '設計圖編號、預期', '進貨日期、訂單編號']","[0, 6, 14, 20, 26]","['組成', '建造', '相關', '實際']","[1, 7, 15, 21]"
"['時', '前後', '檢測工作']","[1, 7, 10]","['試車', '進行', '回收', '處理', '取樣']","[0, 3, 4, 5, 8]"
"['位置', '進流口', '口', '前後']","[2, 5, 7, 12]","['取樣', '包括', '出流', '設備', '操作']","[0, 3, 6, 9, 10]"
"['設備', '預期功能']","[2, 6]","['防', '達到']","[1, 4]"
"['製程', '儀器']","[2, 6]","['維護', '敏感']","[1, 4]"
"['設備', '那些更改']","[1, 5]",['做'],[3]
"['供應商', '備用零件', '']","[0, 7, 11]","['提供', '準備', '決定']","[1, 4, 10]"
"['現場操作人員', '系統實際', '上的問題所在']","[5, 11, 16]","['聊天', '查詢', '回收', '操作']","[6, 8, 9, 12]"
['系統廠牌的重要'],[7],"['決定', '回收', '因素']","[2, 3, 8]"
"['例', '些代理商', '需', '更換']","[0, 4, 9, 13]","['有', '提供', '零件']","[2, 7, 11]"
"['些代理商', '此套系統所有技術', '服務工 作']","[2, 10, 14]","['有', '提供', '維修']","[0, 5, 11]"
"['原因', '產源', '穩定性']","[0, 2, 4]","['包括', '不']","[1, 3]"
"['資源', '產品之市場性分析也']","[0, 6]",['化'],[1]
"['產品規格及供需', '特性', '管道、市場價格、經營方式', '層面']","[4, 7, 15, 17]","['包括', '配合', '行銷']","[0, 5, 8]"
"['資源', '產品市場銷售網', '', '國外市場資訊', '憑証', '困 難、資源', '成本', '', '原料市場價格', '國外市場價格競爭', '問題之變異 性']","[1, 5, 7, 12, 14, 18, 20, 22, 26, 32, 37]","['化', '不易建立', '缺乏', '買賣', '取得', '化', '過高', '再生', '偏低', '大']","[2, 6, 8, 13, 15, 19, 21, 23, 27, 39]"
"['項目', '成本', '效益', '效 益及回收期限']","[2, 6, 9, 15]","['分析', '包括', '投資', '回收', '淨']","[1, 3, 4, 7, 10]"
"['申請事業廢棄物', '  D']","[2, 6]","['利用', '計畫']","[4, 5]"
"['設置廠內', '處理', '資源化產品']","[1, 3, 7]","['回收', '設備', '2']","[2, 4, 8]"
"['設備', '模廠材質、設備選用及安裝', '耐蝕、能承受']","[0, 8, 14]","['規劃', '配管']","[1, 9]"
"['資源', '系統效益', '經濟效益分析－包括廠', '資源回收設備、回收', '產值、處理', '污泥']","[0, 3, 10, 16, 20, 23]","['化', '評估', '內']","[1, 4, 11]"
"['經濟效益分析－', '物質產值、清理費用收費']","[3, 11]","['包括', '回收']","[4, 5]"
"['i＝綜合年利率g.處理成本■每年回收產品收入■固定成本', '設備', '舊費■營運成本', '每年操作', '－每年回收產品收入■每公噸處理成本＝÷設計處理', '-', '-參考文獻1']","[15, 17, 22, 26, 42, 44, 49]","['＝', '折', '維護費', '容量', '119']","[16, 18, 27, 43, 45]"
"['半導體廠高濃', '氫氟酸']","[2, 7]","['度', '廢', '回收', '利用']","[3, 4, 8, 10]"
"['矽晶圓', '後段製程之環境特性分析', '半 導體公司案', '：', '生產之先期準備工作']","[1, 8, 13, 15, 22]","['製造', '邁向', '清潔']","[2, 16, 17]"
"['廢', '回收之清潔', '－純化']","[0, 4, 7]","['有機溶劑', '', '生產', '方法']","[1, 3, 5, 8]"
"['“廢溶劑', '處理技術與案例', '＂']","[1, 6, 8]","['回收', '探討']","[2, 7]"
"['有機溶劑', '', '生產', '方法']","[2, 4, 6, 9]","['廢', '回收', '清潔', '純化']","[1, 3, 5, 8]"
"['シリコソウエハ', '工程で', 'されゐ', '酸', 'らの酸の分離．回收']","[6, 10, 14, 16, 23]","['製造', '排出', '廢', 'か']","[8, 11, 15, 17]"
"['廢棄物', '工業廢棄物處理', '96016688', '章', '製造概論第二十三章', '製造', '近幾年來']","[0, 5, 7, 9, 14, 16, 21]","['利用', '半導']","[1, 15]"
"['個人電腦、多媒體、工作站、網路、通信', '設備', '電子產品的需求量']","[10, 12, 18]","['相關', '激增']","[11, 19]"
"['其', '', '其他週邊產業']","[0, 2, 10]","['快速', '成長', '帶動', '繁榮']","[1, 3, 6, 11]"
"['晶圓', '上游產業', '產品設計、晶圓製造', '光罩製造']","[2, 6, 14, 17]","['伴隨', '加工', '包括']","[0, 3, 8]"
"['其中', '半導體後段製程的 IC封裝', '']","[0, 11, 13]","['包括', '稱']","[1, 4]"
"['其', '過程', '矽石', '矽酸鹽 如同', '一樣']","[0, 2, 5, 9, 11]",['製造'],[1]
"['晶種', '邊', '邊', '方式', '坩堝']","[2, 4, 6, 8, 11]","['拉', '旋轉', '抽', '離']","[5, 7, 9, 10]"
"['表面', '圓柱', '結晶棒']","[3, 6, 8]","['拉引成', '粗糙', '狀']","[2, 4, 7]"
"['邊緣崩裂', '製程中', '應力', '', '未來製程中', '光阻層', '磊晶層的平坦度']","[5, 11, 14, 16, 20, 22, 26]","['防止', '防止', '產生', '熱', '集中', '增加', '鋪設']","[2, 6, 12, 13, 15, 17, 21]"
['表面'],[1],"['進行', '研磨', '拋光']","[0, 2, 3]"
"['晶圓', '鏡面樣']","[1, 4]","['使', '像', '平滑']","[0, 2, 5]"
"['機械', '晶圓', '研磨機內']","[0, 4, 8]","['加工', '放置']","[1, 5]"
"['後的晶圓', '化學溶劑', '表面', '金屬碎屑', '雜質']","[3, 6, 8, 12, 15]","['研磨', '需用', '清除', '殘留']","[0, 4, 7, 9]"
"['晶片', '嚴格', '', '下退火']","[2, 4, 6, 9]","['退火', '', '條件']","[0, 6, 7]"
"['各種高度', '清洗液與超音動處理']","[3, 10]","['包括', '潔淨']","[0, 4]"
"['晶片', '晶片', '狀態']","[1, 5, 8]","['使', '達到', '進行', '加工']","[0, 2, 4, 6]"
"['晶片', '無塵', '中進行嚴格']","[1, 3, 8]","['', '檢查']","[8, 9]"
"['表面', '度、平坦度', '各項規格', '品質', '顧客的要求']","[2, 6, 10, 13, 17]","['包括', '潔淨', '確保', '符合']","[0, 3, 12, 14]"
"['晶片', '', '狀態']","[1, 4, 7]","['使', '維持', '無塵', '潔淨']","[0, 2, 3, 5]"
"['該容器', '晶片', '其中']","[1, 4, 7]","['確保', '固定']","[3, 5]"
"['整片晶圓', '磷原子']","[3, 6]","['進行', '植入']","[4, 7]"
"['金屬', '製程']","[2, 4]","['進行', '化']","[1, 3]"
"['每一道步驟', '後', '一些電性', '物理特性量測']","[5, 8, 14, 18]","['加工', '完', '都', '進行']","[6, 7, 9, 11]"
"['最後', '產品', '電性測試區作電性量測']","[0, 5, 12]","['加工', '完成', '送到']","[2, 3, 8]"
"['FAB廠內', '四大區', '區的作用在於', '顯微', '技術']","[2, 7, 14, 17, 20]","['分為', '利用', '照相', '縮小', '']","[5, 15, 16, 18, 19]"
['感光劑易'],[3],"['採用', '曝光']","[1, 4]"
"['蝕刻', '我們', '電路圖']","[0, 5, 9]","['經過', '定義', '出', '需要']","[1, 3, 4, 7]"
"['期間', '酸液', '']","[0, 3, 6]","['利用', '腐蝕']","[2, 5]"
"['高溫', '物質能量', '運動']","[1, 4, 7]","['利用', '給予', '產生']","[0, 2, 6]"
"['某一電性量測值的變異', '某一道', '製程', '任何']","[7, 11, 13, 17]","['判斷', '相關', '發生', '異常']","[8, 12, 16, 18]"
"['電氣測試值', '製程', '問題']","[4, 7, 10]","['來', '分析', '有']","[5, 6, 9]"
"['良品', '成本']","[3, 6]","['避免', '不', '增加', '製造']","[1, 2, 4, 5]"
"['製程', '測試配件']","[1, 7]","['針測', '換上', '不同']","[0, 3, 4]"
"['其流程', '下面幾道作業', '針測', '分類晶圓針', '主要', '是', '晶圓', '一顆晶粒的電氣特性']","[1, 6, 10, 16, 19, 21, 23, 31]","['包括', '並', '產品', '目', '每']","[2, 11, 13, 20, 25]"
"['良率', '來', '晶圓', '過程']","[2, 4, 6, 9]","['高低', '判斷', '製造', '有誤']","[3, 5, 7, 11]"
"['晶圓', '過程', '切']","[1, 3, 5]","['表示', '製造', '正常']","[0, 2, 6]"
"['晶圓', '過程中']","[3, 7]","['表示', '製造']","[1, 4]"
"['晶圓', '製程', '後', '晶圓中每一顆IC晶粒獨']","[1, 3, 6, 17]","['製造', '加工', '完成', '提供', '分離']","[2, 4, 5, 8, 19]"
"['電子', '技術']","[2, 4]","['製造', '不斷', '發展', '演進']","[3, 5, 6, 7]"
"['使用者', '了', '使用及', '便的操作環境']","[2, 4, 8, 13]","['提供', '安全', '簡']","[3, 5, 9]"
"['以下', '封裝製程的各個步驟', '一說明', '切割', '切割的目的乃是要將前', '加工完成', '一顆顆', '分離']","[0, 8, 11, 14, 22, 26, 30, 33]","['做', '晶圓', '製程', '晶粒', '切割']","[9, 15, 23, 31, 32]"
"['一個導線架上', '設計', '數個晶粒座']","[3, 7, 13]","['不同', '有']","[5, 9]"
"['導線架', '了晶粒', '位置']","[0, 2, 6]","['提供', '黏']","[1, 3]"
"['一個導線架上一', '設計', '一個', '數個晶粒座']","[5, 7, 11, 16]","['不同', '有']","[6, 9]"
['成型'],[4],"['進行', '剪切']","[2, 3]"
"['項目', '外引腳之平整性、共面度、腳距、印字', '膠體', '外觀檢驗']","[2, 13, 17, 24]","['檢驗', '包括', '清晰', '有', '損傷']","[0, 3, 15, 19, 20]"
"['大量', '表面', '技術的需求']","[1, 7, 11]","['適合', '生產', '滿足', '黏著']","[0, 2, 6, 8]"
['入接腳數'],[5],"['提供', '高', '輸出']","[2, 3, 4]"
"['此技術', '晶片', '導線架上']","[1, 4, 8]",['固定於'],[5]
"['打線', '技術', '挑戰']","[0, 2, 5]","['接合', '受到']","[1, 4]"
"['其', '機具、設備及', '技術']","[5, 12, 14]","['長久', '來', '配合', '相關', '成熟']","[1, 3, 7, 13, 18]"
"['短期內', '技術', '容易', '其他技術']","[2, 5, 10, 13]","['打線', '接合', '不', '大', '為', '淘汰']","[3, 4, 8, 9, 11, 15]"
"['晶片', '高分子捲帶上的金屬']","[4, 10]",['電路相連接'],[11]
"['入接腳數', '優點']","[6, 8]","['提供', '高', '輸出']","[2, 3, 4]"
"['表面', '技術', '一方便', '', '技術']","[1, 4, 8, 10, 12]","['黏', '為', '快速']","[2, 5, 9]"
"['表面', '技術', '電子零件', '', '銲', '基板上', '零件與基板間電路']","[1, 4, 8, 10, 12, 16, 24]","['黏', '快速', '維持', '通暢']","[2, 9, 18, 25]"
"['表面', '型']","[3, 6]","['為', '黏']","[2, 4]"
"['表面', '著技術']","[0, 3]",[],[]
"['表面', '技術', '一方便', '', '技術']","[1, 4, 8, 10, 12]","['黏', '為', '快速']","[2, 5, 9]"
"['表面', '技術', '電子零件', '', '銲', '基板上', '零件與基板間電路']","[1, 4, 8, 10, 12, 16, 24]","['黏', '快速', '維持', '通暢']","[2, 9, 18, 25]"
"['外觀及', '應用', '圖 ：', '型態封裝名稱常見應用產品  Single In-Line    Power Transistor Package（SIP）   Dual In-Line Package SRAM,', 'RAM', ' SRAM', '： DIP（Dual In-Line Package）它的引腳', '兩邊']","[4, 6, 10, 21, 64, 66, 87, 93]","['見', '相關', '請', '見下', '']","[1, 5, 7, 8, 86]"
"['插件方式', ' IC', '電路板結合']","[4, 7, 10]","['利用', '讓']","[2, 5]"
"['另一種', '表面', '技術的封裝方式']","[3, 6, 12]","['有別於', '適用', '黏']","[0, 4, 7]"
"['系列型態', '', '', '', '', ' MSOP']","[2, 7, 9, 11, 13, 16]","['包括', '有']","[3, 4]"
"[' Microcompoent', '產品', '', '', 'MPR']","[1, 5, 8, 11, 14]","['包括', '有']","[3, 9]"
"['最後', '產品', '外觀檢驗作業']","[0, 3, 7]",['作'],[4]
"['測試的機台', '產品', '測試項目', '測試程式']","[3, 6, 10, 16]","['不同', '載入', '不同']","[7, 12, 13]"
['封裝型態'],[5],"['不同', '有所', '不同']","[2, 7, 8]"
"['表面', '技術的發展']","[2, 7]",['黏'],[3]
"['其流程', '下面幾道作業', '備', '備料的用意是', '要上線', '']","[1, 6, 9, 16, 20, 22]","['包括', '料', '上線', '預備', '待', '測品']","[2, 10, 11, 18, 23, 24]"
"['測品', '分類機內', '測品']","[1, 4, 8]",['定位'],[9]
"['測試機', '功能', '測品', '電性訊號']","[1, 3, 7, 12]","['在於', '發出', '需']","[4, 5, 9]"
"['測品', '訊號後', '電性訊號']","[3, 6, 11]","['接受', '待', '回應']","[1, 2, 8]"
"['此一', '測品', '測試程式來']","[5, 7, 13]","['寫', '控制']","[9, 14]"
"['測品', '一家測試廠中']","[1, 6]",[],[]
"['測品', '電性測試', '一些測試配件：分類機承載待測品進行測試的自動化機械結構']","[1, 5, 21]","['完成', '需要']","[3, 7]"
"['測品', '測試時', '測試溫度的測試環境']","[3, 6, 13]",['提供'],[1]
"['其', '方式', '乒乓處理']","[1, 4, 11]","['連接', '分為', '平行', '處理']","[2, 6, 7, 8]"
"['多台分類機', '測試程式同時', '測品的測試']","[3, 9, 15]","['有', '不同', '進行', '不同', '批待']","[0, 5, 10, 11, 12]"
"['大多', '客戶', '']","[1, 3, 5]",['提供'],[4]
"['溫度的度數', '客戶', '要求']","[3, 5, 8]",['有時'],[4]
"['這', '客戶', '測品']","[0, 5, 8]","['不同', '不同', '待', '有所', '不同']","[3, 6, 7, 10, 11]"
"['其目', '測品一個高溫', '電壓', '電流的環境']","[1, 9, 12, 16]","['在於', '提供', '高', '高']","[2, 3, 10, 13]"
"['生命週期', '', '測品', 'In的過程中提早的顯現出來']","[2, 5, 7, 16]","['使', '短', '']","[0, 4, 15]"
"['測品', '爐']","[5, 8]","['重回', '預燒']","[6, 7]"
"['此作業的目', '此', '測試機台測試', '測品', '數量']","[3, 6, 11, 13, 16]","['完成', '抽出']","[7, 14]"
"['標籤掃描', '機械視覺', '測品', '產品Mark 作檢測']","[1, 4, 8, 15]","['對待', '產品', '上']","[6, 9, 10]"
"['內容', ' Mark的位置歪斜度', '清晰']","[0, 6, 9]","['包括', '度']","[1, 10]"
"['這部份作業', '雷射', '方式']","[2, 6, 9]","['利用', '掃描', '來', '進行']","[5, 7, 10, 11]"
"['人工', '抽驗']","[3, 7]","['利用', '進行', '檢腳']","[2, 4, 5]"
"['產品', '爐中']","[0, 5]","['進', '烘烤', '進行', '烘烤']","[2, 3, 6, 7]"
"['產品', '客戶手中之前']","[1, 8]","['使', '送']","[0, 3]"
"['標準容器內', '測品的分類', '客戶', '包裝容器內']","[7, 11, 13, 19]","['包裝成', '指定']","[12, 15]"
"['測試廠', '', 'Door to Door', '服務']","[0, 4, 6, 9]","['提供', '所謂']","[2, 3]"
"['客戶', '成品', '客戶', '地方']","[2, 5, 7, 10]","['幫助', '測試完', '送至', '指定']","[1, 4, 6, 8]"
"['各式的電路圖', '晶片', '功能']","[3, 5, 9]","['成就', '具備']","[4, 6]"
"['工程師', '晶片', '功能、各個功能', '晶片的位置', '', '電子元件']","[0, 2, 10, 16, 19, 22]","['規劃', '具備', '分布', '需', '相關']","[1, 4, 11, 18, 20]"
"['功率', '過程', '時間']","[0, 6, 9]","['過低', '拉長', '融化', '需']","[1, 3, 4, 8]"
"['頸部的直徑', '大小']","[3, 10]","['使', '增加', '需']","[0, 5, 8]"
"['拉速與溫度變化的調整', '矽晶柱直徑']","[6, 11]","['利用', '維持', '固定']","[0, 7, 8]"
"['晶棒', '階段的拉速']","[2, 6]","['成長', '降低']","[3, 10]"
"['製程中', '應力', '', '光阻層與磊晶層的厚度與平坦度']","[6, 9, 12, 20]","['防止', '產生', '熱', '集中', '採用', '鋪設']","[3, 7, 8, 10, 11, 13]"
"['晶圓表面', '處理的平坦度']","[2, 9]","['使', '達到', '進行', '拋光']","[0, 3, 5, 6]"
"['表面', '一層損傷層']","[0, 7]","['加工', '形成']","[2, 4]"
"['邊緣', '', '目', '微粒', '晶圓的可能性']","[0, 2, 4, 7, 13]","['拋光', '在於', '降低', '附']","[1, 5, 6, 8]"
"['晶圓', '機械強度']","[2, 8]","['使', '具備', '佳']","[1, 3, 5]"
"['機械與化學', '兩方法同時']","[2, 6]","['加工', '進行']","[3, 7]"
"['晶圓', '研磨機中']","[1, 4]",['放置'],[2]
"['png', '處理', '清洗', '至', '內']","[0, 2, 5, 8, 11]","['晶圓', '後', '送', '熱爐']","[3, 6, 7, 9]"
"['整片晶圓', '磷原子']","[3, 7]","['進行', '植入']","[4, 8]"
"['製程', '此']","[0, 3]",['進行'],[1]
"['金屬', '製程']","[2, 4]","['進行', '化']","[1, 3]"
"['每一道步驟', '後', '一些電性、物理特性量測']","[5, 8, 17]","['加工', '完', '進行']","[6, 7, 11]"
"['最後', '產品', '電性測試區作電性量測']","[0, 5, 12]","['加工', '完成', '送到']","[2, 3, 8]"
"['IC', '總裁', '7奈米製程', 'EUV', '部份']","[0, 2, 10, 13, 15]","['表示', '採用', '到位']","[4, 11, 17]"
"['目前', 'EUV機臺其光源功率', '250瓦']","[1, 9, 13]","['先進', '輸出']","[3, 11]"
"['Intel', '客戶', '量產', '要求']","[5, 8, 12, 15]","['為', '大', '提出', '低']","[2, 7, 10, 14]"
"['第二代7奈米製程', '5奈米製程', 'EUV技術', '生產']","[5, 9, 13, 15]","['採用', '進行']","[11, 14]"
"['良品', '成本']","[3, 6]","['避免', '不', '增加', '製造']","[1, 2, 4, 5]"
"['製程', '測試配件']","[1, 7]","['針測', '換上', '不同']","[0, 3, 4]"
"['晶圓針', '產品', '晶圓針測', '目', '測試', '中每一顆晶粒的電氣特性']","[1, 5, 11, 13, 15, 24]","['測', '作', '分', '類', '主要']","[2, 4, 6, 7, 12]"
"['良率', '晶圓', '過程']","[2, 6, 9]","['高低', '來', '判斷', '製造', '有誤']","[3, 4, 5, 7, 12]"
"['良品率', '晶圓', '過程一切']","[1, 4, 7]","['高', '表示', '製造', '正常']","[2, 3, 5, 8]"
"['晶圓', '過程中']","[3, 7]","['表示', '製造']","[1, 4]"
"['晶圓', '電晶體']","[0, 7]","['放置', '多']","[3, 5]"
"['晶片', '功能']","[0, 8]","['擁有', '多', '複雜']","[2, 4, 6]"
"['晶圓製造及半  導體製造業：', '拉晶、晶柱', '切割、研磨、', '蝕刻、', '晶圓', '程序']","[8, 13, 19, 23, 26, 28]","['係', '屬', '從事', '生長', '拋光', '製備']","[0, 1, 10, 14, 20, 27]"
"['微影、蝕刻、', '氣象', '磊晶、蒸鍍、', '半導體', '封裝之事業']","[7, 10, 16, 19, 24]","['氧化', '摻配', '沉積', '濺鍍']","[2, 8, 11, 17]"
"['電子資訊工業的蓬勃', '．使得', '產業成長']","[5, 8, 11]","['發展', '該', '更加', '快速']","[6, 9, 12, 13]"
"['動態記憶體、靜態', '微', '等']","[4, 7, 10]","['包括', '…']","[0, 9]"
"['製程', '二百', '三百個步驟']","[2, 4, 8]",['多達'],[3]
"['出口區', '早期半導體', '設廠開發時', '據點']","[2, 5, 11, 13]","['加工', '為']","[1, 3]"
"['多種酸鹼溶液', '溶劑', '毒 性氣體']","[5, 8, 11]","['使用', '特殊']","[0, 9]"
"['半導體產業結構', '材料加工', '晶圓之積體電路製造及晶圓', '構裝', '三大', '完整']","[2, 6, 15, 18, 21, 23]","['區分為', '製造', '', '製造', '流程']","[4, 7, 14, 24, 25]"
['其中材料'],[1],"['加工', '製造']","[2, 3]"
"['從矽晶石', '提煉矽多晶體', '晶圓', '出']","[3, 8, 10, 12]","['指', '直到']","[1, 9]"
"['晶圓', '構裝業', '晶圓']","[1, 4, 10]","['切割', '係', '製造', '完成']","[2, 5, 7, 8]"
"['氧 純化反應爐中提煉砂石純化', '晶體浮帶法拉升法矽單晶體', '1切削、打磨矽晶錠切片粗晶圓22', '清洗晶圓初成品 圖 1半導體產業製造流程圖-上游矽晶圓製造晶圓初', '氧化爐 第一層光罩', '爐11第二光罩氧化爐第三層光罩', '2濺鍍機第四層光罩晶圓成品註：', '虛線', '視晶圓', '需要行多次循環處理', '環保技術輔導計畫圖2半導體產業製造流程圖-中游積電路製程晶圓成品晶圓切割晶片', '著連線打著11封膠', '去筋打彎22導線電鍍浸錫 清洗', '測試33包裝電子產品圖3半導體產業製造流程圖-下游 IC 片封裝製程4環保技術輔導計畫圖4晶圓成品之切割程序3.2污染物種類及其來源', '產品', '研發而', '亦隨著']","[8, 15, 26, 42, 49, 60, 70, 72, 75, 82, 103, 111, 120, 158, 161, 164, 167]","['矽多', '1', '研磨', '清洗', '擴散', '2', '------', '功能', '3', '粘', '成品', '半導體工業', '更改']","[9, 16, 27, 44, 50, 61, 71, 76, 83, 104, 121, 159, 168]"
"['以往', '', '式製程到現在', '減壓', '氣體乾式製程']","[1, 4, 9, 11, 16]","['採用', '濕', '後']","[3, 5, 12]"
"['目前與', '化合物半導體研究也']","[2, 8]","['起', '發展', '中']","[3, 11, 12]"
"['半導體', '時', '酸  鹼溶液、有機溶劑、特殊氣體材', '種類及數量', '中']","[0, 2, 13, 19, 23]","['製造', '使用', '料', '增加']","[1, 4, 14, 22]"
"['電鍍廢水', '過程', '機物及電鍍程序的Cu2+、Ni2+、Zn2+、  Pb2+、Ag2+、氰化物、氟化物']","[1, 5, 24]","['脫脂', '有']","[3, 6]"
"['7環保技術輔導計畫 晶 圓成 品晶 圓切割 晶 片粘著 連續打著封膠印 碼  去筋 ', ' 彎導線 電 鍍', '洗   成 品', '試', '割', '：連續性排放廢水符號說明：包 裝電 子 產 品電鍍廢水', '廢水圖 6', '晶片構裝製程', '廢水污染物發生源由於積電路製造業之製程須依據', '設計需求', '決定']","[25, 31, 37, 39, 41, 57, 61, 65, 78, 81, 83]","['打', '瀝 ', '錫 ', '清 ', '測 ', ' 切', '廢水', '清洗', 'IC', '中', '產品', '而']","[26, 32, 33, 34, 38, 40, 42, 58, 62, 66, 79, 82]"
"['製程', '廢水種', '', '污染之化學物質', '繁雜']","[1, 4, 6, 11, 14]","['排出', '類', '造成']","[2, 5, 7]"
"['鍍錫鉛', '鎳', '銀等']","[2, 5, 8]","['包括', '鍍', '鍍']","[0, 3, 6]"
"['底材', '鍍液']","[1, 4]","['包括', '溶出', '帶出']","[0, 2, 5]"
"['晶圓及積體電路', '過程中', '每個步驟', '酸鹼物質、有機', '毒性']","[3, 6, 10, 19, 22]","['製造', '使用']","[4, 13]"
"['圖7中說明晶圓及積體', '製 程', '可能之污染源及其排放之污染物']","[6, 9, 18]","['中', '']","[10, 14]"
"['10環保技術輔導計畫晶圓初成品氯 化爐第一層光罩擴散爐第二層光罩氧 ', '爐第三層光罩電 鍍機第四層', ' 晶', '成 品(閘區及接點區光阻、蝕刻', '(接點區光阻、蝕 刻、清洗毒性氣體酸鹼廢氣酸鹼廢氣 VOCs：連續性排放廢氣：定期性排放', ' VOCs：揮發性有機物質定期性排放廢氣：反應', '', '符號說明：', '氣體', '廢氣', '廢氣VOCs酸鹼廢氣VOCs酸鹼廢氣VOCs 毒', '酸鹼廢氣', '  圖', '積體電路製程中空氣污染物生源11環保技術輔導計畫 晶 圓成 品 晶 圓', '割', ' 片粘著', ' 續', '著 封 膠印 碼 去筋 打', '導線 電 ', '瀝 錫 清 洗 成 ', '測試酸鹼廢氣：', '排放廢氣 VOCs：揮發性有機物質符號說明：包裝電 子產品錫煙酸氣、VOCs圖8  IC晶片構裝程中空氣污染物發生源12環保技術輔導計畫積體電路製造隨著其製程使用不同的化學物質']","[19, 29, 31, 42, 65, 75, 77, 81, 83, 85, 95, 98, 101, 122, 124, 128, 130, 139, 143, 149, 155, 201]","['化', '光罩', ' 圓', '清洗', '廢氣', '酸鹼', '性氣體', '晶圓', '晶', '打', '鍍', '品 ']","[20, 30, 32, 43, 66, 86, 100, 103, 125, 131, 144, 150]"
"['表', '1半導體製造業廢氣污染特性廢氣種類污染物', '酸鹼廢氣酸氣：HF、HCl、HNO3、H2SO4、CH3COOH、H3PO4、H2Cr2O', '鹼氣', 'NH', 'NaOH', '', '', '反應爐之清洗、', '有機溶劑', '氣 二氯甲烷、氯仿、丁酮、甲 苯、乙本、丙酮、苯、二甲苯、4', '甲基', '2 戊酮2CHCH2COCH3】', '', '乙烷、異', '', '', '', '乙烯、乙基苯、亞甲基', '氨、丁基苯、Trans-Dichoroethene', '', '液 清除、蝕刻液', '晶圓', '毒性', '  AsH3', '3、SiH4', '6', 'P2O5、SiF4、 CC14、', 'BF3、', 'B2O', ' As2O3、 Bl3、', 'Cl2、HCN、SiH2Cl2', '光罩、', '', 'CVD、', '植 入燃燒', 'AsH', 'PH', '', '3、H2', '植入、CVD、擴 散 ', 'IC', '構裝', '產生之污染物', '產生之酸鹼', '  氣', '產生的錫煙氣', '過程產生', '有機溶劑逸散蒸氣']","[0, 11, 31, 33, 35, 38, 40, 42, 49, 52, 72, 74, 81, 83, 87, 89, 91, 93, 99, 106, 109, 115, 118, 120, 123, 129, 132, 142, 147, 150, 157, 165, 169, 171, 175, 179, 184, 187, 189, 194, 202, 204, 206, 210, 215, 218, 223, 227, 232]","['成份', '污染源', '-', 'HBr', '', '5', '計有', '', '', '清洗', '酸氣']","[12, 13, 75, 143, 147, 151, 211, 218, 223, 224, 228]"
"['溶劑', '三氯乙烷及丙酮']","[1, 6]",['為'],[2]
"['若', '廠內', '製程', '中', '13環保技術輔導計畫到污染源減量及有價', '回收工作']","[0, 5, 8, 10, 21, 24]","['積極', '管理', '減廢', '做', '物質']","[2, 6, 9, 11, 22]"
['原則'],[5],"['符合', '先進', '先出']","[1, 2, 3]"
"['成本', '面積', '費用']","[4, 8, 10]","['降低', '建造', '佔', ' 地']","[1, 2, 5, 6]"
"['製程', '半導體製造業常見之製程減廢技術主要', '：', '自動控制清洗系統']","[0, 10, 12, 19]","['減', '廢', '為', '用水']","[1, 2, 11, 14]"
"['用水量設置流量', '或其他', '控制設施回收', '利用或循環', '廢棄', '酸可回收', '賣']","[5, 8, 12, 16, 21, 25, 27]","['減少', '指示器', '再', '使用', '回收', '濃硫', '外']","[1, 6, 13, 17, 19, 22, 26]"
"['廢酸、鹼液', '純水', '離子交換樹脂', '廢酸、鹼', '收集']","[2, 6, 11, 15, 18]","['回收', '超', '製造', '再生']","[3, 5, 7, 12]"
"['處理水', '15環保技術輔導計畫    A']","[0, 9]","['回收', '利用']","[1, 3]"
"['濕式蝕刻', '離子水', '純水電阻', '數', '18m-ohm.cm']","[1, 4, 8, 10, 13]","['清洗', '去', '使用', '係', '為']","[2, 3, 5, 9, 11]"
"['晶片後', '清洗水及電鍍前處理純水水洗水仍有', '潔淨程度']","[3, 14, 19]","['清洗', '流出', 'm-ohm.cm']","[1, 4, 16]"
"['廢水生物處理技術', '活性污泥法', '曝氣法、旋轉生物盤法', '濾池法等']","[3, 7, 14, 17]","['包括', '接觸']","[4, 8]"
"['廢水處理上', '濾法', '重力', ' 壓', '等', '種方法']","[2, 4, 8, 11, 13, 16]","['分為', '加']","[6, 9]"
"['離子交換系 統處理氟離子的操作一般', '種方式:', '', ' 式的fixed-bed)、流體', '連續式']","[8, 13, 16, 24, 27]","['採用', '四', '分式']","[0, 10, 15]"
"['其中', '為', '方式']","[0, 4, 9]","['最', '採用', '']","[5, 7, 8]"
"['廢水處理流程IC製造廠製程排出之廢水', '酸鹼廢水及含氟廢水']","[9, 15]","['典型', '包括', '']","[0, 10, 13]"
"['製程', '控制', '中操作']","[1, 7, 10]","['要求', '嚴格', '無塵室']","[3, 5, 8]"
"['排氣系統', '氣罩', '污染 物']","[2, 4, 8]","['採用', '收集']","[3, 6]"
"['氣罩', '密閉式氣罩', '氣罩', '氣罩', '氣罩共', '類']","[2, 6, 9, 13, 16, 18]","['分為', '型']","[3, 11]"
"['抽氣', '空 間內保持']","[2, 7]","['利用', '使', '負壓']","[1, 3, 8]"
"['設備中反應室', '反應之原料藉', '氣罩以', '抽出']","[5, 13, 17, 20]","['製造', '剩餘', '未', '室', '空泵']","[1, 7, 9, 15, 19]"
['污染源'],[3],"['進行', '密閉']","[4, 5]"
"['頂蓬式氣罩、下', '式氣罩、側', '氣罩、狹縫式', '推拉式氣罩']","[4, 9, 13, 17]","['包括', '抽']","[0, 5]"
"['以下', '半導體', '各', '廢氣可行之處理原則與處理']","[0, 3, 5, 13]","['簡述', '製造', '類']","[2, 4, 6]"
"['製程', '污染物']","[3, 6]","['類', '產生']","[2, 5]"
"['吸收作用', '有', '化學性']","[1, 3, 6]","['包括', '物理性', '']","[2, 4, 5]"
"['溶劑', '機性', '無機性成份']","[0, 4, 7]","['為', '有']","[2, 3]"
"['有水、礦油、非', '氫油及水溶性']","[6, 11]","['包括', '']","[0, 3]"
"['大體上', '附法', '洗滌法、熱解法', ' 燒法等', '種方法']","[1, 9, 14, 17, 20]","['分為', '吸收', '吸', '燃']","[3, 5, 7, 15]"
"['廢氣中污染物濃度之處理', '置']","[7, 9]","['降低', '裝']","[1, 8]"
"['串聯', '液之洗滌塔']","[3, 9]","['考慮', '使用', '不同', '洗滌']","[1, 4, 5, 6]"
"['多段', '特性污染物', '效率']","[2, 8, 11]","['洗滌', '確保', '不同', '除']","[3, 4, 5, 10]"
"['濾  網、洗滌塔', '文氏', '塔', 'SiO2']","[5, 7, 9, 12]","['利用', '洗滌', '清除']","[1, 8, 10]"
"['吸附劑', '活性碳', '粒或', '鋁']","[3, 8, 11, 13]","['用', '包括', '有']","[1, 4, 5]"
"['廢氣焚化設備', '直  燃式', '觸媒焚化兩種']","[2, 7, 13]","['包括', '有', '焚化']","[4, 5, 8]"
"[' 壞去', '達', '%']","[4, 7, 9]","['增加', '破', '率', '98']","[1, 2, 6, 8]"
"['凝器置於', '控制設備(', '設備', '碳吸 附床及吸收', '後']","[3, 9, 14, 20, 23]","[' 冷', '較', '', '處理', ')']","[1, 4, 6, 12, 22]"
"['冷凝處理', '廢氣成分中', '溫度之不同']","[1, 6, 10]","['利用', '凝結', '而']","[3, 7, 11]"
"['冷凝作用', '兩種方式在定溫', '增加系統之壓力2在定壓']","[1, 8, 16]","['包括', '']","[3, 12]"
"['冷凝器型式', '表面式及接觸式冷凝器']","[4, 11]","['常用', '包括', '有']","[1, 5, 6]"
